USE master
CREATE DATABASE LOL
GO


USE LOL
GO
CREATE SCHEMA BLNC_CAMPEON
GO
CREATE SCHEMA BLNC_MISC
GO


CREATE TABLE BLNC_CAMPEON.CAMPEON (
    ID_CAMPEON INT PRIMARY KEY,
    NOMBRE_CAMPEON NVARCHAR(25) NOT NULL,
)
GO

CREATE TABLE BLNC_MISC.RUNA (
    ID_RUNA INT PRIMARY KEY,
    NOMBRE_RUNA NVARCHAR(30) NOT NULL,
    NIVEL NVARCHAR(15) NOT NULL,
    RAMA NVARCHAR(15) NOT NULL
)
GO

CREATE TABLE BLNC_MISC.OBJETO (
    ID_OBJETO INT PRIMARY KEY,
    NOMBRE_OBJETO NVARCHAR(30) NOT NULL,
    PRECIO INT NOT NULL,
)
GO

CREATE TABLE BLNC_MISC.BUILD (
    ID_BUILD INT PRIMARY KEY,
    ID_CAMPEON INT NOT NULL FOREIGN KEY REFERENCES BLNC_CAMPEON.CAMPEON(ID_CAMPEON),
    ID_BUILD_RUNA INT NOT NULL,
    ID_BUILD_OBJETO INT NOT NULL,
	RESULTADO BIT NOT NULL,

	--VERIFICA QUE NO HAYA COMBINACIONES REPETIDAS QUE LLENEN LA MEMORIA
	CONSTRAINT UQ_BUILD UNIQUE (ID_CAMPEON, ID_BUILD_RUNA, ID_BUILD_OBJETO),
)
GO

CREATE TRIGGER TRG_CHECK_RESULTADO_BUILD
ON BLNC_MISC.BUILD
AFTER INSERT, UPDATE
AS
BEGIN
    IF EXISTS (
        SELECT 1
        FROM inserted i
        JOIN BLNC_CAMPEON.RESUMEN r ON i.ID_BUILD = r.ID_BUILD AND i.ID_CAMPEON = r.ID_CAMPEON
        WHERE r.RESULTADO <> i.RESULTADO
    )
    BEGIN
        RAISERROR ('El resultado en BUILD debe coincidir con el resultado en RESUMEN.', 16, 1);
        ROLLBACK TRANSACTION;
    END
END
GO

CREATE INDEX IDX_BUILD_CAMPEON ON BLNC_MISC.BUILD(ID_CAMPEON);
CREATE INDEX IDX_BUILD_RUNA ON BLNC_MISC.BUILD(ID_BUILD_RUNA);
CREATE INDEX IDX_BUILD_OBJETO ON BLNC_MISC.BUILD(ID_BUILD_OBJETO);
GO

CREATE TABLE BLNC_CAMPEON.RESUMEN (
    ID_RESUMEN INT PRIMARY KEY,
    ID_CAMPEON INT NOT NULL FOREIGN KEY REFERENCES BLNC_CAMPEON.CAMPEON(ID_CAMPEON),
	ID_BAN INT NOT NULL FOREIGN KEY REFERENCES BLNC_CAMPEON.CAMPEON(ID_CAMPEON),
    ID_RIVAL INT NOT NULL FOREIGN KEY REFERENCES BLNC_CAMPEON.CAMPEON(ID_CAMPEON),
	ID_BUILD INT NOT NULL FOREIGN KEY REFERENCES BLNC_MISC.BUILD(ID_BUILD),
    RESULTADO BIT NOT NULL,
    TORRES_DESTRUIDAS INT NOT NULL,
    KDA FLOAT NOT NULL,
    PRIMERA_SANGRE BIT NOT NULL,

	--VERIFICA QUE LOS CAMPEONES JUGADOS, VETADOS Y ENFRENTADOS SEAN DISTINTOS
	CONSTRAINT CHK_CAMPEON CHECK (ID_RIVAL <> ID_CAMPEON AND ID_CAMPEON <> ID_BAN AND ID_BAN <> ID_RIVAL)
)
GO

CREATE TRIGGER TRG_CHECK_RESULTADO_RESUMEN
ON BLNC_CAMPEON.RESUMEN
AFTER INSERT, UPDATE
AS
BEGIN
    IF EXISTS (
        SELECT 1
        FROM inserted i
        JOIN BLNC_MISC.BUILD b ON i.ID_BUILD = b.ID_BUILD AND i.ID_CAMPEON = b.ID_CAMPEON
        WHERE b.RESULTADO <> i.RESULTADO
    )
    BEGIN
        RAISERROR ('El resultado en RESUMEN debe coincidir con el resultado en BUILD.', 16, 1);
        ROLLBACK TRANSACTION;
    END
END
GO

CREATE INDEX IDX_RESUMEN_CAMPEON ON BLNC_CAMPEON.RESUMEN(ID_CAMPEON);
CREATE INDEX IDX_RESUMEN_RIVAL ON BLNC_CAMPEON.RESUMEN(ID_RIVAL);
CREATE INDEX IDX_RESUMEN_BAN ON BLNC_CAMPEON.RESUMEN(ID_BAN);
CREATE INDEX IDX_RESUMEN_BUILD ON BLNC_CAMPEON.RESUMEN(ID_BUILD);
GO

CREATE TABLE BLNC_MISC.BUILD_RUNA ( 
	ID_BUILD_RUNA INT PRIMARY KEY,  
	ID_RUNA_CLAVE INT NOT NULL FOREIGN KEY REFERENCES BLNC_MISC.RUNA(ID_RUNA),
	ID_RUNA_SUP INT NOT NULL FOREIGN KEY REFERENCES BLNC_MISC.RUNA(ID_RUNA),
    ID_RUNA_INT INT NOT NULL FOREIGN KEY REFERENCES BLNC_MISC.RUNA(ID_RUNA),
    ID_RUNA_INF INT NOT NULL FOREIGN KEY REFERENCES BLNC_MISC.RUNA(ID_RUNA),
    ID_RUNA_SEC INT NOT NULL FOREIGN KEY REFERENCES BLNC_MISC.RUNA(ID_RUNA),
    ID_RUNA_SEC_ALT INT NOT NULL FOREIGN KEY REFERENCES BLNC_MISC.RUNA(ID_RUNA),


	--VERIFICA QUE NO HAYA COMBINACIONES REPETIDAS QUE LLENEN LA MEMORIA
	CONSTRAINT UQ_RUNAS UNIQUE (ID_RUNA_CLAVE, ID_RUNA_SUP, ID_RUNA_INT, ID_RUNA_INF, ID_RUNA_SEC, ID_RUNA_SEC_ALT)
)
GO

-- TRIGGER QUE VERIFICA QUE LOS NIVELES DE LAS RUNAS SEAN VALIDOS
CREATE TRIGGER TRG_CHECK_RUNA_NIVEL
ON BLNC_MISC.BUILD_RUNA
AFTER INSERT, UPDATE
AS
BEGIN
    -- Verifica que la runa clave tenga el nivel 'Clave'
    IF EXISTS (
        SELECT 1
        FROM inserted i
        WHERE 
            NOT EXISTS (
                SELECT 1 
                FROM BLNC_MISC.RUNA r 
                WHERE r.ID_RUNA = i.ID_RUNA_CLAVE AND r.NIVEL = 'Clave'
            )
    )
    BEGIN
        RAISERROR ('Error: La runa clave no tiene el nivel "Clave".', 16, 1);
        ROLLBACK TRANSACTION;
        RETURN;
    END


    -- Verifica que la runa superior tenga el nivel 'Superior'
    IF EXISTS (
        SELECT 1
        FROM inserted i
        WHERE 
            NOT EXISTS (
                SELECT 1 
                FROM BLNC_MISC.RUNA r 
                WHERE r.ID_RUNA = i.ID_RUNA_SUP AND r.NIVEL = 'Superior'
            )
    )
    BEGIN
        RAISERROR ('Error: La runa superior no tiene el nivel "Superior".', 16, 1);
        ROLLBACK TRANSACTION;
        RETURN;
    END


    -- Verifica que la runa intermedia tenga el nivel 'Intermedia'
    IF EXISTS (
        SELECT 1
        FROM inserted i
        WHERE 
            NOT EXISTS (
                SELECT 1 
                FROM BLNC_MISC.RUNA r 
                WHERE r.ID_RUNA = i.ID_RUNA_INT AND r.NIVEL = 'Intermedia'
            )
    )
    BEGIN
        RAISERROR ('Error: La runa intermedia no tiene el nivel "Intermedia".', 16, 1);
        ROLLBACK TRANSACTION;
        RETURN;
    END


    -- Verifica que la runa inferior tenga el nivel 'Inferior'
    IF EXISTS (
        SELECT 1
        FROM inserted i
        WHERE 
            NOT EXISTS (
                SELECT 1 
                FROM BLNC_MISC.RUNA r 
                WHERE r.ID_RUNA = i.ID_RUNA_INF AND r.NIVEL = 'Inferior'
            )
    )
    BEGIN
        RAISERROR ('Error: La runa inferior no tiene el nivel "Inferior".', 16, 1);
        ROLLBACK TRANSACTION;
        RETURN;
    END


    -- Verifica que las runas secundarias 1 tienen niveles diferentes
    IF EXISTS (
        SELECT 1 
        FROM inserted i
        JOIN BLNC_MISC.RUNA r1 ON r1.ID_RUNA = i.ID_RUNA_SEC
        JOIN BLNC_MISC.RUNA r2 ON r2.ID_RUNA = i.ID_RUNA_SEC_ALT 
        WHERE r1.NIVEL = r2.NIVEL
    )
    BEGIN
        RAISERROR ('Error: Las runas secundarias deben tener niveles diferentes.', 16, 1);
        ROLLBACK TRANSACTION;
        RETURN;
    END


    -- Verificar que ninguna runa secundaria 2 tenga nivel 'Clave'
    IF EXISTS (
        SELECT 1 
        FROM inserted i
        JOIN BLNC_MISC.RUNA r1 ON r1.ID_RUNA = i.ID_RUNA_SEC
        WHERE r1.NIVEL = 'Clave'
    )
    BEGIN
        RAISERROR ('Error: Las runas secundarias no deben tener nivel "Clave".', 16, 1);
        ROLLBACK TRANSACTION;
        RETURN;
    END


    IF EXISTS (
        SELECT 1 
        FROM inserted i
        JOIN BLNC_MISC.RUNA r2 ON r2.ID_RUNA = i.ID_RUNA_SEC_ALT
        WHERE r2.NIVEL = 'Clave'
    )
    BEGIN
        RAISERROR ('Error: Las runas secundarias no deben tener nivel "Clave".', 16, 1);
        ROLLBACK TRANSACTION;
        RETURN;
    END
END
GO

--TRIGGER QUE VERIFICA QUE LAS RAMAS DE LAS RUNAS SEAN VALIDAS
CREATE TRIGGER TRG_CHECK_RUNA_RAMA
ON BLNC_MISC.BUILD_RUNA
AFTER INSERT, UPDATE
AS
BEGIN
    -- Verifica que la runa Clave y Sup compartan rama
    IF EXISTS (
        SELECT 1
        FROM inserted i
        WHERE 
            NOT EXISTS (
                SELECT 1 
                FROM BLNC_MISC.RUNA r 
                WHERE r.ID_RUNA = i.ID_RUNA_CLAVE AND r.RAMA = 
                    (SELECT RAMA FROM BLNC_MISC.RUNA WHERE ID_RUNA = i.ID_RUNA_SUP)
            )
    )
    BEGIN
        RAISERROR ('Error: La runa clave no pertenece a la misma rama que la runa superior.', 16, 1);
        ROLLBACK TRANSACTION;
        RETURN;
    END


    -- Verifica que la runa Clave e INT compartan rama
    IF EXISTS (
        SELECT 1
        FROM inserted i
        WHERE 
            NOT EXISTS (
                SELECT 1 
                FROM BLNC_MISC.RUNA r 
                WHERE r.ID_RUNA = i.ID_RUNA_CLAVE AND r.RAMA = 
                    (SELECT RAMA FROM BLNC_MISC.RUNA WHERE ID_RUNA = i.ID_RUNA_INT)
            )
    )
    BEGIN
        RAISERROR ('Error: La runa clave no pertenece a la misma rama que la runa intermedia.', 16, 1);
        ROLLBACK TRANSACTION;
        RETURN;
    END


    -- Verifica que la runa Clave e Inf compartan rama
    IF EXISTS (
        SELECT 1
        FROM inserted i
        WHERE 
            NOT EXISTS (
                SELECT 1 
                FROM BLNC_MISC.RUNA r 
                WHERE r.ID_RUNA = i.ID_RUNA_CLAVE AND r.RAMA = 
                    (SELECT RAMA FROM BLNC_MISC.RUNA WHERE ID_RUNA = i.ID_RUNA_INF)
            )
    )
    BEGIN
        RAISERROR ('Error: La runa clave no pertenece a la misma rama que la runa inferior.', 16, 1);
        ROLLBACK TRANSACTION;
        RETURN;
    END


    -- Verifica que las runas secundarias compartan rama
    IF NOT EXISTS (
        SELECT 1 
        FROM inserted i
        JOIN BLNC_MISC.RUNA r1 ON r1.ID_RUNA = i.ID_RUNA_SEC
        JOIN BLNC_MISC.RUNA r2 ON r2.ID_RUNA = i.ID_RUNA_SEC_ALT 
        WHERE r1.RAMA = r2.RAMA
    )
    BEGIN
        RAISERROR ('Error: Las runas secundarias deben ser de ramas diferentes.', 16, 1);
        ROLLBACK TRANSACTION;
        RETURN;
    END


    -- Verifica que la runa secundaria 1 no sea clave
    IF EXISTS (
        SELECT 1 
        FROM inserted i
        JOIN BLNC_MISC.RUNA r1 ON r1.ID_RUNA = i.ID_RUNA_SEC
        WHERE r1.RAMA = 
            (SELECT RAMA FROM BLNC_MISC.RUNA WHERE ID_RUNA = i.ID_RUNA_CLAVE)
    )
    BEGIN
        RAISERROR ('Error: La runa secundaria no debe ser de la misma rama que la runa clave.', 16, 1);
        ROLLBACK TRANSACTION;
        RETURN;
    END


    -- Verifica que la runa secundaria 2 no sea clave
    IF EXISTS (
        SELECT 1 
        FROM inserted i
        JOIN BLNC_MISC.RUNA r2 ON r2.ID_RUNA = i.ID_RUNA_SEC_ALT
        WHERE r2.RAMA = 
            (SELECT RAMA FROM BLNC_MISC.RUNA WHERE ID_RUNA = i.ID_RUNA_CLAVE)
    )
    BEGIN
        RAISERROR ('Error: La runa secundaria alternativa no debe ser de la misma rama que la runa clave.', 16, 1);
        ROLLBACK TRANSACTION;
        RETURN;
    END
END
GO

CREATE TABLE BLNC_MISC.BUILD_OBJETO (
    ID_BUILD_OBJETO INT NOT NULL PRIMARY KEY,
    ID_PRIMER_OBJETO INT NOT NULL FOREIGN KEY REFERENCES BLNC_MISC.OBJETO(ID_OBJETO),
    ID_SEGUNDO_OBJETO INT NOT NULL FOREIGN KEY REFERENCES BLNC_MISC.OBJETO(ID_OBJETO),
    ID_TERCER_OBJETO INT NOT NULL FOREIGN KEY REFERENCES BLNC_MISC.OBJETO(ID_OBJETO),
    ID_CUARTO_OBJETO INT NOT NULL FOREIGN KEY REFERENCES BLNC_MISC.OBJETO(ID_OBJETO),
    ID_QUINTO_OBJETO INT NOT NULL FOREIGN KEY REFERENCES BLNC_MISC.OBJETO(ID_OBJETO),
    ID_SEXTO_OBJETO INT NOT NULL FOREIGN KEY REFERENCES BLNC_MISC.OBJETO(ID_OBJETO),

	--VERIFICA QUE LOS OBJETOS DE UNA MISMA ENTRADA NO SE REPITAN ENTRE SI
	CONSTRAINT CHK_OBJETOS_DIFERENTES CHECK (
    ID_PRIMER_OBJETO NOT IN (ID_SEGUNDO_OBJETO, ID_TERCER_OBJETO, ID_CUARTO_OBJETO, ID_QUINTO_OBJETO, ID_SEXTO_OBJETO) AND
    ID_SEGUNDO_OBJETO NOT IN (ID_PRIMER_OBJETO, ID_TERCER_OBJETO, ID_CUARTO_OBJETO, ID_QUINTO_OBJETO, ID_SEXTO_OBJETO) AND
    ID_TERCER_OBJETO NOT IN (ID_PRIMER_OBJETO, ID_SEGUNDO_OBJETO, ID_CUARTO_OBJETO, ID_QUINTO_OBJETO, ID_SEXTO_OBJETO) AND
    ID_CUARTO_OBJETO NOT IN (ID_PRIMER_OBJETO, ID_SEGUNDO_OBJETO, ID_TERCER_OBJETO, ID_QUINTO_OBJETO, ID_SEXTO_OBJETO) AND
    ID_QUINTO_OBJETO NOT IN (ID_PRIMER_OBJETO, ID_SEGUNDO_OBJETO, ID_TERCER_OBJETO, ID_CUARTO_OBJETO, ID_SEXTO_OBJETO) AND
    ID_SEXTO_OBJETO NOT IN (ID_PRIMER_OBJETO, ID_SEGUNDO_OBJETO, ID_TERCER_OBJETO, ID_CUARTO_OBJETO, ID_QUINTO_OBJETO)
	),

	--VERIFICA QUE NO HAYAN COMBINACIONES REPETIDAS DE OBJETOS QUE USEN MEMORIA INDEBIDA
	CONSTRAINT UQ_OBJETOS_UNICOS UNIQUE (ID_PRIMER_OBJETO, ID_SEGUNDO_OBJETO, ID_TERCER_OBJETO, 
		ID_CUARTO_OBJETO, ID_QUINTO_OBJETO, ID_SEXTO_OBJETO)
)
GO

INSERT INTO BLNC_CAMPEON.CAMPEON (ID_CAMPEON, NOMBRE_CAMPEON) VALUES
(1, 'Aatrox'),
(2, 'Ahri'),
(3, 'Akali'),
(4, 'Akshan'),
(5, 'Alistar'),
(6, 'Amumu'),
(7, 'Anivia'),
(8, 'Annie'),
(9, 'Aphelios'),
(10, 'Ashe'),
(11, 'Aurelion Sol'),
(12, 'Azir'),
(13, 'Bard'),
(14, 'Bel Veth'),
(15, 'Blitzcrank'),
(16, 'Brand'),
(17, 'Braum'),
(18, 'Caitlyn'),
(19, 'Camille'),
(20, 'Cassiopeia'),
(21, 'Cho Gath'),
(22, 'Corki'),
(23, 'Darius'),
(24, 'Diana'),
(25, 'Dr. Mundo'),
(26, 'Draven'),
(27, 'Ekko'),
(28, 'Elise'),
(29, 'Evelynn'),
(30, 'Ezreal'),
(31, 'Fiddlesticks'),
(32, 'Fiora'),
(33, 'Fizz'),
(34, 'Galio'),
(35, 'Gangplank'),
(36, 'Garen'),
(37, 'Gnar'),
(38, 'Gragas'),
(39, 'Graves'),
(40, 'Gwen'),
(41, 'Hecarim'),
(42, 'Heimerdinger'),
(43, 'Illaoi'),
(44, 'Irelia'),
(45, 'Ivern'),
(46, 'Janna'),
(47, 'Jarvan IV'),
(48, 'Jax'),
(49, 'Jayce'),
(50, 'Jhin'),
(51, 'Jinx'),
(52, 'K Sante'),
(53, 'Kai Sa'),
(54, 'Kalista'),
(55, 'Karma'),
(56, 'Karthus'),
(57, 'Kassadin'),
(58, 'Katarina'),
(59, 'Kayle'),
(60, 'Kayn'),
(61, 'Kennen'),
(62, 'Kha Zix'),
(63, 'Kindred'),
(64, 'Kled'),
(65, 'Kog Maw'),
(66, 'LeBlanc'),
(67, 'Lee Sin'),
(68, 'Leona'),
(69, 'Lillia'),
(70, 'Lissandra'),
(71, 'Lucian'),
(72, 'Lulu'),
(73, 'Lux'),
(74, 'Malphite'),
(75, 'Malzahar'),
(76, 'Maokai'),
(77, 'Master Yi'),
(78, 'Milio'),
(79, 'Miss Fortune'),
(80, 'Mordekaiser'),
(81, 'Morgana'),
(82, 'Nami'),
(83, 'Nasus'),
(84, 'Nautilus'),
(85, 'Neeko'),
(86, 'Nidalee'),
(87, 'Nilah'),
(88, 'Nocturne'),
(89, 'Nunu'),
(90, 'Olaf'),
(91, 'Orianna'),
(92, 'Ornn'),
(93, 'Pantheon'),
(94, 'Poppy'),
(95, 'Pyke'),
(96, 'Qiyana'),
(97, 'Quinn'),
(98, 'Rakan'),
(99, 'Rammus'),
(100, 'Rek Sai'),
(101, 'Rell'),
(102, 'Renata Glasc'),
(103, 'Renekton'),
(104, 'Rengar'),
(105, 'Riven'),
(106, 'Rumble'),
(107, 'Ryze'),
(108, 'Samira'),
(109, 'Sejuani'),
(110, 'Senna'),
(111, 'Seraphine'),
(112, 'Sett'),
(113, 'Shaco'),
(114, 'Shen'),
(115, 'Shyvana'),
(116, 'Singed'),
(117, 'Sion'),
(118, 'Sivir'),
(119, 'Skarner'),
(120, 'Sona'),
(121, 'Soraka'),
(122, 'Swain'),
(123, 'Sylas'),
(124, 'Syndra'),
(125, 'Tahm Kench'),
(126, 'Taliyah'),
(127, 'Talon'),
(128, 'Taric'),
(129, 'Teemo'),
(130, 'Thresh'),
(131, 'Tristana'),
(132, 'Trundle'),
(133, 'Tryndamere'),
(134, 'Twisted Fate'),
(135, 'Twitch'),
(136, 'Udyr'),
(137, 'Urgot'),
(138, 'Varus'),
(139, 'Vayne'),
(140, 'Veigar'),
(141, 'Vel Koz'),
(142, 'Vex'),
(143, 'Vi'),
(144, 'Viego'),
(145, 'Viktor'),
(146, 'Vladimir'),
(147, 'Volibear'),
(148, 'Warwick'),
(149, 'Wukong'),
(150, 'Xayah'),
(151, 'Xerath'),
(152, 'Xin Zhao'),
(153, 'Yasuo'),
(154, 'Yone'),
(155, 'Yorick'),
(156, 'Yuumi'),
(157, 'Zac'),
(158, 'Zed'),
(159, 'Zeri'),
(160, 'Ziggs'),
(161, 'Zilean'),
(162, 'Zoe'),
(163, 'Zyra')
GO

INSERT INTO BLNC_MISC.RUNA (ID_RUNA, NOMBRE_RUNA, RAMA, NIVEL)
VALUES
(1, 'Conquistador', 'Precision', 'Clave'),
(2, 'Estrategia Ofensiva', 'Precision', 'Clave'),
(3, 'Sobre la Marcha', 'Precision', 'Clave'),
(4, 'Absorber Vida', 'Precision', 'Superior'),
(5, 'Triunfo', 'Precision', 'Superior'),
(6, 'Concentracion Profunda', 'Precision', 'Superior'),
(7, 'Leyenda: Celeridad', 'Precision', 'Intermedia'),
(8, 'Leyenda: Aceleracion', 'Precision', 'Intermedia'),
(9, 'Leyenda: Linaje', 'Precision', 'Intermedia'),
(10, 'Golpe de Gracia', 'Precision', 'Inferior'),
(11, 'Corte', 'Precision', 'Inferior'),
(12, 'La Ultima Batalla', 'Precision', 'Inferior'),
(13, 'Electrocutar', 'Dominacion', 'Clave'),
(14, 'Cosecha Oscura', 'Dominacion', 'Clave'),
(15, 'Lluvia de Espadas', 'Dominacion', 'Clave'),
(16, 'Golpe Bajo', 'Dominacion', 'Superior'),
(17, 'Sabor a Sangre', 'Dominacion', 'Superior'),
(18, 'Impacto Subito', 'Dominacion', 'Superior'),
(19, 'Centinela Zombie', 'Dominacion', 'Intermedia'),
(20, 'Poro Fantasma', 'Dominacion', 'Intermedia'),
(21, 'Coleccion de Ojos', 'Dominacion', 'Intermedia'),
(22, 'Cazador de Tesoros', 'Dominacion', 'Inferior'),
(23, 'Cazador Implacable', 'Dominacion', 'Inferior'),
(24, 'Cazador Definitivo', 'Dominacion', 'Inferior'),
(25, 'Aery', 'Brujeria', 'Clave'),
(26, 'Cometa Arcano', 'Brujeria', 'Clave'),
(27, 'Fase Veloz', 'Brujeria', 'Clave'),
(28, 'Orbe de Anulacion', 'Brujeria', 'Superior'),
(29, 'Anillo de Flujo de Mana', 'Brujeria', 'Superior'),
(30, 'Capa del Nimbo', 'Brujeria', 'Superior'),
(31, 'Trascendencia', 'Brujeria', 'Intermedia'),
(32, 'Celeridad', 'Brujeria', 'Intermedia'),
(33, 'Concentracion Absoluta', 'Brujeria', 'Intermedia'),
(34, 'Quemadura', 'Brujeria', 'Inferior'),
(35, 'Caminata sobre el Agua', 'Brujeria', 'Inferior'),
(36, 'Tormenta Creciente', 'Brujeria', 'Inferior'),
(37, 'Agarre del Perpetuo', 'Valor', 'Clave'),
(38, 'Replica', 'Valor', 'Clave'),
(39, 'Guardian', 'Valor', 'Clave'),
(40, 'Demolicion', 'Valor', 'Superior'),
(41, 'Fuente de Vida', 'Valor', 'Superior'),
(42, 'Golpe de Escudo', 'Valor', 'Superior'),
(43, 'Acondicionamiento', 'Valor', 'Intermedia'),
(44, 'Segundo Aire', 'Valor', 'Intermedia'),
(45, 'Coraza Osea', 'Valor', 'Intermedia'),
(46, 'Crecimiento Excesivo', 'Valor', 'Inferior'),
(47, 'Revitalizar', 'Valor', 'Inferior'),
(48, 'Inquebrantable', 'Valor', 'Inferior'),
(49, 'Aumento Glaciar', 'Inspiracion', 'Clave'),
(50, 'Libro de Hechizos Abierto', 'Inspiracion', 'Clave'),
(51, 'Primer Golpe', 'Inspiracion', 'Clave'),
(52, 'Destello Hextech', 'Inspiracion', 'Superior'),
(53, 'Calzado Magico', 'Inspiracion', 'Superior'),
(54, 'Reembolso', 'Inspiracion', 'Superior'),
(55, 'Tonico Triple', 'Inspiracion', 'Intermedia'),
(56, 'Tonico de Distorsion Temporal', 'Inspiracion', 'Intermedia'),
(57, 'Entrega de Galletitas', 'Inspiracion', 'Intermedia'),
(58, 'Perspicacia Cosmica', 'Inspiracion', 'Inferior'),
(59, 'Velocidad de Aproximacion', 'Inspiracion', 'Inferior'),
(60, 'Comodin', 'Inspiracion', 'Inferior')
GO

INSERT INTO BLNC_MISC.OBJETO (ID_OBJETO, NOMBRE_OBJETO, PRECIO) VALUES
(1, 'Abrecaminos', 2300),
(2, 'Agrietador', 3200),
(3, 'Acompañante de Luden', 2900),
(4, 'Al Filo de la Cordura', 2800),
(5, 'Antorcha de Fuego Oscuro', 2800),
(6, 'Arco Axiomatico', 3000),
(7, 'Armadura de Warmog', 3100),
(8, 'Ángel Guardián', 3200),
(9, 'Báculo del Arcángel', 3000),
(10, 'Báculo del Vacío', 3100),
(11, 'Bailarín Espectral', 2600),
(12, 'Bendición de Mikael', 2300),
(13, 'Cañón de Fuego Rápido', 2800),
(14, 'Cimitarra Mercurial', 3300),
(15, 'Colmillo de la Serpiente', 2500),
(16, 'Convergencia de Zeke', 2300),
(17, 'Corazón de Acero', 3000),
(18, 'Cota de Espinas', 2800),
(19, 'Criptoretoño', 2850),
(20, 'Cuchilla Oscura', 3000),
(21, 'Cuchilla Rauda de Navori', 2800),
(22, 'Daga de Statikk', 2900),
(23, 'Danza de la Muerte', 3300),
(24, 'Descarga Tormentosa', 3000),
(25, 'Desesperación Eterna', 2900),
(26, 'Diente de Nashor', 3000),
(27, 'Eclipse', 3100),
(28, 'El Coleccionista', 3200),
(29, 'El Tormento de Liandry', 3000),
(30, 'Espadafuria de Guinsoo', 3000),
(31, 'Espada de la Penumbra', 2600),
(32, 'Espada del Rey Arruinado', 3200),
(33, 'Espada fantasmal de Youmuu', 2700),
(34, 'Espadasierra Quimpunk', 2800),
(35, 'Esfera del Amanecer', 2700),
(36, 'Fauces de Malmortius', 3100),
(37, 'Filo de la Noche', 2800),
(38, 'Filo del Infinito', 3400),
(39, 'Fuerza de la Naturaleza', 2900),
(40, 'Fuerza de la Trinidad', 3333),
(41, 'Guantelete del Hijo del Hielo', 2600),
(42, 'Guantelete de Sterak', 3300),
(43, 'Hidra Profana', 3300),
(44, 'Hidra Titánica', 3300),
(45, 'La Sanguinaria', 3400),
(46, 'Lanza de Shojin', 3200),
(47, 'Manamune', 2900),
(48, 'Mandato Imperial', 2300),
(49, 'Matakrakens', 3100),
(50, 'Maldal', 2700),
(51, 'Maldición del Liche', 3200),
(52, 'Morellonomicon', 2200),
(53, 'Oportunidades', 3000),
(54, 'Pebetero Ardiente', 2300),
(55, 'Placa del Hombre Muerto', 3000),
(56, 'Placa Hexperimental', 3000),
(57, 'Presagio de Randuin', 2800),
(58, 'Promesa del Caballero', 2300),
(59, 'Redención', 2700),
(60, 'Rencor de Serylda', 3200),
(61, 'Robaalmas de Mejai', 1500),
(62, 'Rompeavances', 3300),
(63, 'Rompecascos', 3000),
(64, 'Rukerno Kaénico', 2900),
(65, 'Sombrero Mortífero de Rabadon', 3600),
(66, 'Terminus', 3000),
(67, 'Velo de la Banshee', 3100)
GO

INSERT INTO BLNC_MISC.BUILD (ID_BUILD, ID_CAMPEON, ID_BUILD_RUNA, ID_BUILD_OBJETO, RESULTADO) VALUES (1, 27, 1001, 1005, 1);
INSERT INTO BLNC_MISC.BUILD (ID_BUILD, ID_CAMPEON, ID_BUILD_RUNA, ID_BUILD_OBJETO, RESULTADO) VALUES (2, 134, 1002, 1008, 0);
INSERT INTO BLNC_MISC.BUILD (ID_BUILD, ID_CAMPEON, ID_BUILD_RUNA, ID_BUILD_OBJETO, RESULTADO) VALUES (3, 72, 1003, 1012, 1);
INSERT INTO BLNC_MISC.BUILD (ID_BUILD, ID_CAMPEON, ID_BUILD_RUNA, ID_BUILD_OBJETO, RESULTADO) VALUES (4, 15, 1004, 1009, 0);
INSERT INTO BLNC_MISC.BUILD (ID_BUILD, ID_CAMPEON, ID_BUILD_RUNA, ID_BUILD_OBJETO, RESULTADO) VALUES (5, 89, 1001, 1003, 1);
INSERT INTO BLNC_MISC.BUILD (ID_BUILD, ID_CAMPEON, ID_BUILD_RUNA, ID_BUILD_OBJETO, RESULTADO) VALUES (6, 45, 1005, 1010, 0);
INSERT INTO BLNC_MISC.BUILD (ID_BUILD, ID_CAMPEON, ID_BUILD_RUNA, ID_BUILD_OBJETO, RESULTADO) VALUES (7, 102, 1002, 1007, 1);
INSERT INTO BLNC_MISC.BUILD (ID_BUILD, ID_CAMPEON, ID_BUILD_RUNA, ID_BUILD_OBJETO, RESULTADO) VALUES (8, 118, 1003, 1004, 0);
INSERT INTO BLNC_MISC.BUILD (ID_BUILD, ID_CAMPEON, ID_BUILD_RUNA, ID_BUILD_OBJETO, RESULTADO) VALUES (9, 66, 1004, 1001, 1);
INSERT INTO BLNC_MISC.BUILD (ID_BUILD, ID_CAMPEON, ID_BUILD_RUNA, ID_BUILD_OBJETO, RESULTADO) VALUES (10, 50, 1001, 1102, 0);
INSERT INTO BLNC_MISC.BUILD (ID_BUILD, ID_CAMPEON, ID_BUILD_RUNA, ID_BUILD_OBJETO, RESULTADO) VALUES (11, 94, 1005, 1006, 1);
INSERT INTO BLNC_MISC.BUILD (ID_BUILD, ID_CAMPEON, ID_BUILD_RUNA, ID_BUILD_OBJETO, RESULTADO) VALUES (12, 35, 1002, 1013, 0);
INSERT INTO BLNC_MISC.BUILD (ID_BUILD, ID_CAMPEON, ID_BUILD_RUNA, ID_BUILD_OBJETO, RESULTADO) VALUES (13, 83, 1003, 1011, 1);
INSERT INTO BLNC_MISC.BUILD (ID_BUILD, ID_CAMPEON, ID_BUILD_RUNA, ID_BUILD_OBJETO, RESULTADO) VALUES (14, 67, 1004, 1008, 0);
INSERT INTO BLNC_MISC.BUILD (ID_BUILD, ID_CAMPEON, ID_BUILD_RUNA, ID_BUILD_OBJETO, RESULTADO) VALUES (15, 4, 1001, 1005, 1);
INSERT INTO BLNC_MISC.BUILD (ID_BUILD, ID_CAMPEON, ID_BUILD_RUNA, ID_BUILD_OBJETO, RESULTADO) VALUES (16, 115, 1002, 1017, 0);
INSERT INTO BLNC_MISC.BUILD (ID_BUILD, ID_CAMPEON, ID_BUILD_RUNA, ID_BUILD_OBJETO, RESULTADO) VALUES (17, 36, 1003, 1006, 1);
INSERT INTO BLNC_MISC.BUILD (ID_BUILD, ID_CAMPEON, ID_BUILD_RUNA, ID_BUILD_OBJETO, RESULTADO) VALUES (18, 20, 1004, 1018, 0);
INSERT INTO BLNC_MISC.BUILD (ID_BUILD, ID_CAMPEON, ID_BUILD_RUNA, ID_BUILD_OBJETO, RESULTADO) VALUES (19, 112, 1001, 1002, 1);
INSERT INTO BLNC_MISC.BUILD (ID_BUILD, ID_CAMPEON, ID_BUILD_RUNA, ID_BUILD_OBJETO, RESULTADO) VALUES (20, 8, 1005, 1103, 0);
INSERT INTO BLNC_MISC.BUILD (ID_BUILD, ID_CAMPEON, ID_BUILD_RUNA, ID_BUILD_OBJETO, RESULTADO) VALUES (21, 3, 1002, 1009, 1);
INSERT INTO BLNC_MISC.BUILD (ID_BUILD, ID_CAMPEON, ID_BUILD_RUNA, ID_BUILD_OBJETO, RESULTADO) VALUES (22, 115, 1004, 1001, 0);
INSERT INTO BLNC_MISC.BUILD (ID_BUILD, ID_CAMPEON, ID_BUILD_RUNA, ID_BUILD_OBJETO, RESULTADO) VALUES (23, 91, 1003, 1005, 1);
INSERT INTO BLNC_MISC.BUILD (ID_BUILD, ID_CAMPEON, ID_BUILD_RUNA, ID_BUILD_OBJETO, RESULTADO) VALUES (24, 65, 1002, 1008, 0);
INSERT INTO BLNC_MISC.BUILD (ID_BUILD, ID_CAMPEON, ID_BUILD_RUNA, ID_BUILD_OBJETO, RESULTADO) VALUES (25, 74, 1001, 1010, 1);
INSERT INTO BLNC_MISC.BUILD (ID_BUILD, ID_CAMPEON, ID_BUILD_RUNA, ID_BUILD_OBJETO, RESULTADO) VALUES (26, 43, 1003, 1014, 0);
INSERT INTO BLNC_MISC.BUILD (ID_BUILD, ID_CAMPEON, ID_BUILD_RUNA, ID_BUILD_OBJETO, RESULTADO) VALUES (27, 82, 1002, 1007, 1);
INSERT INTO BLNC_MISC.BUILD (ID_BUILD, ID_CAMPEON, ID_BUILD_RUNA, ID_BUILD_OBJETO, RESULTADO) VALUES (28, 49, 1005, 1006, 0);
INSERT INTO BLNC_MISC.BUILD (ID_BUILD, ID_CAMPEON, ID_BUILD_RUNA, ID_BUILD_OBJETO, RESULTADO) VALUES (29, 98, 1004, 1009, 1);
INSERT INTO BLNC_MISC.BUILD (ID_BUILD, ID_CAMPEON, ID_BUILD_RUNA, ID_BUILD_OBJETO, RESULTADO) VALUES (30, 29, 1001, 1008, 0);
INSERT INTO BLNC_MISC.BUILD (ID_BUILD, ID_CAMPEON, ID_BUILD_RUNA, ID_BUILD_OBJETO, RESULTADO) VALUES (31, 12, 1005, 1002, 1);
INSERT INTO BLNC_MISC.BUILD (ID_BUILD, ID_CAMPEON, ID_BUILD_RUNA, ID_BUILD_OBJETO, RESULTADO) VALUES (32, 38, 1003, 1011, 0);
INSERT INTO BLNC_MISC.BUILD (ID_BUILD, ID_CAMPEON, ID_BUILD_RUNA, ID_BUILD_OBJETO, RESULTADO) VALUES (33, 71, 1004, 1001, 1);
INSERT INTO BLNC_MISC.BUILD (ID_BUILD, ID_CAMPEON, ID_BUILD_RUNA, ID_BUILD_OBJETO, RESULTADO) VALUES (34, 102, 1002, 1106, 0);
INSERT INTO BLNC_MISC.BUILD (ID_BUILD, ID_CAMPEON, ID_BUILD_RUNA, ID_BUILD_OBJETO, RESULTADO) VALUES (35, 99, 1005, 1004, 1);
INSERT INTO BLNC_MISC.BUILD (ID_BUILD, ID_CAMPEON, ID_BUILD_RUNA, ID_BUILD_OBJETO, RESULTADO) VALUES (36, 64, 1001, 1014, 0);
INSERT INTO BLNC_MISC.BUILD (ID_BUILD, ID_CAMPEON, ID_BUILD_RUNA, ID_BUILD_OBJETO, RESULTADO) VALUES (37, 28, 1003, 1007, 1);
INSERT INTO BLNC_MISC.BUILD (ID_BUILD, ID_CAMPEON, ID_BUILD_RUNA, ID_BUILD_OBJETO, RESULTADO) VALUES (38, 84, 1002, 1103, 0);
INSERT INTO BLNC_MISC.BUILD (ID_BUILD, ID_CAMPEON, ID_BUILD_RUNA, ID_BUILD_OBJETO, RESULTADO) VALUES (39, 55, 1004, 1010, 1);
INSERT INTO BLNC_MISC.BUILD (ID_BUILD, ID_CAMPEON, ID_BUILD_RUNA, ID_BUILD_OBJETO, RESULTADO) VALUES (40, 116, 1001, 1005, 0);
INSERT INTO BLNC_MISC.BUILD (ID_BUILD, ID_CAMPEON, ID_BUILD_RUNA, ID_BUILD_OBJETO, RESULTADO) VALUES (41, 90, 1005, 1003, 1);
INSERT INTO BLNC_MISC.BUILD (ID_BUILD, ID_CAMPEON, ID_BUILD_RUNA, ID_BUILD_OBJETO, RESULTADO) VALUES (42, 118, 1002, 1009, 0);
INSERT INTO BLNC_MISC.BUILD (ID_BUILD, ID_CAMPEON, ID_BUILD_RUNA, ID_BUILD_OBJETO, RESULTADO) VALUES (43, 73, 1004, 1012, 1);
INSERT INTO BLNC_MISC.BUILD (ID_BUILD, ID_CAMPEON, ID_BUILD_RUNA, ID_BUILD_OBJETO, RESULTADO) VALUES (44, 1, 1003, 1001, 0);
INSERT INTO BLNC_MISC.BUILD (ID_BUILD, ID_CAMPEON, ID_BUILD_RUNA, ID_BUILD_OBJETO, RESULTADO) VALUES (45, 61, 1001, 1008, 1);
INSERT INTO BLNC_MISC.BUILD (ID_BUILD, ID_CAMPEON, ID_BUILD_RUNA, ID_BUILD_OBJETO, RESULTADO) VALUES (46, 54, 1004, 1006, 0);
INSERT INTO BLNC_MISC.BUILD (ID_BUILD, ID_CAMPEON, ID_BUILD_RUNA, ID_BUILD_OBJETO, RESULTADO) VALUES (47, 114, 1003, 1017, 1);
INSERT INTO BLNC_MISC.BUILD (ID_BUILD, ID_CAMPEON, ID_BUILD_RUNA, ID_BUILD_OBJETO, RESULTADO) VALUES (48, 47, 1005, 1013, 0);
INSERT INTO BLNC_MISC.BUILD (ID_BUILD, ID_CAMPEON, ID_BUILD_RUNA, ID_BUILD_OBJETO, RESULTADO) VALUES (49, 76, 1001, 1004, 1);
INSERT INTO BLNC_MISC.BUILD (ID_BUILD, ID_CAMPEON, ID_BUILD_RUNA, ID_BUILD_OBJETO, RESULTADO) VALUES (50, 88, 1002, 1102, 0);
INSERT INTO BLNC_MISC.BUILD (ID_BUILD, ID_CAMPEON, ID_BUILD_RUNA, ID_BUILD_OBJETO, RESULTADO) VALUES (51, 106, 1003, 1015, 1);
INSERT INTO BLNC_MISC.BUILD (ID_BUILD, ID_CAMPEON, ID_BUILD_RUNA, ID_BUILD_OBJETO, RESULTADO) VALUES (52, 35, 1005, 1001, 0);
INSERT INTO BLNC_MISC.BUILD (ID_BUILD, ID_CAMPEON, ID_BUILD_RUNA, ID_BUILD_OBJETO, RESULTADO) VALUES (53, 79, 1001, 1016, 1);
INSERT INTO BLNC_MISC.BUILD (ID_BUILD, ID_CAMPEON, ID_BUILD_RUNA, ID_BUILD_OBJETO, RESULTADO) VALUES (54, 7, 1004, 1003, 0);
INSERT INTO BLNC_MISC.BUILD (ID_BUILD, ID_CAMPEON, ID_BUILD_RUNA, ID_BUILD_OBJETO, RESULTADO) VALUES (55, 95, 1002, 1005, 1);
INSERT INTO BLNC_MISC.BUILD (ID_BUILD, ID_CAMPEON, ID_BUILD_RUNA, ID_BUILD_OBJETO, RESULTADO) VALUES (56, 11, 1003, 1009, 0);
INSERT INTO BLNC_MISC.BUILD (ID_BUILD, ID_CAMPEON, ID_BUILD_RUNA, ID_BUILD_OBJETO, RESULTADO) VALUES (57, 39, 1004, 1002, 1);
INSERT INTO BLNC_MISC.BUILD (ID_BUILD, ID_CAMPEON, ID_BUILD_RUNA, ID_BUILD_OBJETO, RESULTADO) VALUES (58, 70, 1001, 1101, 0);
INSERT INTO BLNC_MISC.BUILD (ID_BUILD, ID_CAMPEON, ID_BUILD_RUNA, ID_BUILD_OBJETO, RESULTADO) VALUES (59, 40, 1005, 1012, 1);
INSERT INTO BLNC_MISC.BUILD (ID_BUILD, ID_CAMPEON, ID_BUILD_RUNA, ID_BUILD_OBJETO, RESULTADO) VALUES (60, 87, 1002, 1007, 0);
INSERT INTO BLNC_MISC.BUILD (ID_BUILD, ID_CAMPEON, ID_BUILD_RUNA, ID_BUILD_OBJETO, RESULTADO) VALUES (61, 22, 1003, 1018, 1);
INSERT INTO BLNC_MISC.BUILD (ID_BUILD, ID_CAMPEON, ID_BUILD_RUNA, ID_BUILD_OBJETO, RESULTADO) VALUES (62, 19, 1001, 1004, 0);
INSERT INTO BLNC_MISC.BUILD (ID_BUILD, ID_CAMPEON, ID_BUILD_RUNA, ID_BUILD_OBJETO, RESULTADO) VALUES (63, 25, 1005, 1001, 1);
INSERT INTO BLNC_MISC.BUILD (ID_BUILD, ID_CAMPEON, ID_BUILD_RUNA, ID_BUILD_OBJETO, RESULTADO) VALUES (64, 104, 1002, 1013, 0);
INSERT INTO BLNC_MISC.BUILD (ID_BUILD, ID_CAMPEON, ID_BUILD_RUNA, ID_BUILD_OBJETO, RESULTADO) VALUES (65, 108, 1003, 1006, 1);
INSERT INTO BLNC_MISC.BUILD (ID_BUILD, ID_CAMPEON, ID_BUILD_RUNA, ID_BUILD_OBJETO, RESULTADO) VALUES (66, 33, 1001, 1008, 0);
INSERT INTO BLNC_MISC.BUILD (ID_BUILD, ID_CAMPEON, ID_BUILD_RUNA, ID_BUILD_OBJETO, RESULTADO) VALUES (67, 71, 1004, 1011, 1);
INSERT INTO BLNC_MISC.BUILD (ID_BUILD, ID_CAMPEON, ID_BUILD_RUNA, ID_BUILD_OBJETO, RESULTADO) VALUES (68, 117, 1005, 1002, 0);
INSERT INTO BLNC_MISC.BUILD (ID_BUILD, ID_CAMPEON, ID_BUILD_RUNA, ID_BUILD_OBJETO, RESULTADO) VALUES (69, 53, 1002, 1004, 1);
INSERT INTO BLNC_MISC.BUILD (ID_BUILD, ID_CAMPEON, ID_BUILD_RUNA, ID_BUILD_OBJETO, RESULTADO) VALUES (70, 16, 1001, 1009, 0);
INSERT INTO BLNC_MISC.BUILD (ID_BUILD, ID_CAMPEON, ID_BUILD_RUNA, ID_BUILD_OBJETO, RESULTADO) VALUES (71, 31, 1003, 1007, 1);
INSERT INTO BLNC_MISC.BUILD (ID_BUILD, ID_CAMPEON, ID_BUILD_RUNA, ID_BUILD_OBJETO, RESULTADO) VALUES (72, 41, 1004, 1010, 0);
INSERT INTO BLNC_MISC.BUILD (ID_BUILD, ID_CAMPEON, ID_BUILD_RUNA, ID_BUILD_OBJETO, RESULTADO) VALUES (73, 14, 1005, 1006, 1);
INSERT INTO BLNC_MISC.BUILD (ID_BUILD, ID_CAMPEON, ID_BUILD_RUNA, ID_BUILD_OBJETO, RESULTADO) VALUES (74, 123, 1001, 1004, 0);
INSERT INTO BLNC_MISC.BUILD (ID_BUILD, ID_CAMPEON, ID_BUILD_RUNA, ID_BUILD_OBJETO, RESULTADO) VALUES (75, 139, 1002, 1018, 1);
INSERT INTO BLNC_MISC.BUILD (ID_BUILD, ID_CAMPEON, ID_BUILD_RUNA, ID_BUILD_OBJETO, RESULTADO) VALUES (76, 106, 1004, 1003, 0);
INSERT INTO BLNC_MISC.BUILD (ID_BUILD, ID_CAMPEON, ID_BUILD_RUNA, ID_BUILD_OBJETO, RESULTADO) VALUES (77, 2, 1005, 1009, 1);
INSERT INTO BLNC_MISC.BUILD (ID_BUILD, ID_CAMPEON, ID_BUILD_RUNA, ID_BUILD_OBJETO, RESULTADO) VALUES (78, 44, 1001, 1103, 0);
INSERT INTO BLNC_MISC.BUILD (ID_BUILD, ID_CAMPEON, ID_BUILD_RUNA, ID_BUILD_OBJETO, RESULTADO) VALUES (79, 15, 1002, 1006, 1);
INSERT INTO BLNC_MISC.BUILD (ID_BUILD, ID_CAMPEON, ID_BUILD_RUNA, ID_BUILD_OBJETO, RESULTADO) VALUES (80, 123, 1003, 1005, 0);
INSERT INTO BLNC_MISC.BUILD (ID_BUILD, ID_CAMPEON, ID_BUILD_RUNA, ID_BUILD_OBJETO, RESULTADO) VALUES (81, 63, 1004, 1012, 1);
INSERT INTO BLNC_MISC.BUILD (ID_BUILD, ID_CAMPEON, ID_BUILD_RUNA, ID_BUILD_OBJETO, RESULTADO) VALUES (82, 108, 1001, 1002, 0);
INSERT INTO BLNC_MISC.BUILD (ID_BUILD, ID_CAMPEON, ID_BUILD_RUNA, ID_BUILD_OBJETO, RESULTADO) VALUES (83, 39, 1005, 1013, 1);
INSERT INTO BLNC_MISC.BUILD (ID_BUILD, ID_CAMPEON, ID_BUILD_RUNA, ID_BUILD_OBJETO, RESULTADO) VALUES (84, 79, 1004, 1003, 0);
INSERT INTO BLNC_MISC.BUILD (ID_BUILD, ID_CAMPEON, ID_BUILD_RUNA, ID_BUILD_OBJETO, RESULTADO) VALUES (85, 33, 1002, 1005, 1);
INSERT INTO BLNC_MISC.BUILD (ID_BUILD, ID_CAMPEON, ID_BUILD_RUNA, ID_BUILD_OBJETO, RESULTADO) VALUES (86, 97, 1003, 1011, 0);
INSERT INTO BLNC_MISC.BUILD (ID_BUILD, ID_CAMPEON, ID_BUILD_RUNA, ID_BUILD_OBJETO, RESULTADO) VALUES (87, 124, 1004, 1007, 1);
INSERT INTO BLNC_MISC.BUILD (ID_BUILD, ID_CAMPEON, ID_BUILD_RUNA, ID_BUILD_OBJETO, RESULTADO) VALUES (88, 30, 1001, 1003, 0);
INSERT INTO BLNC_MISC.BUILD (ID_BUILD, ID_CAMPEON, ID_BUILD_RUNA, ID_BUILD_OBJETO, RESULTADO) VALUES (89, 135, 1002, 1006, 1);
INSERT INTO BLNC_MISC.BUILD (ID_BUILD, ID_CAMPEON, ID_BUILD_RUNA, ID_BUILD_OBJETO, RESULTADO) VALUES (90, 26, 1005, 1009, 0);
INSERT INTO BLNC_MISC.BUILD (ID_BUILD, ID_CAMPEON, ID_BUILD_RUNA, ID_BUILD_OBJETO, RESULTADO) VALUES (91, 10, 1001, 1014, 1);
INSERT INTO BLNC_MISC.BUILD (ID_BUILD, ID_CAMPEON, ID_BUILD_RUNA, ID_BUILD_OBJETO, RESULTADO) VALUES (92, 91, 1004, 1008, 0);
INSERT INTO BLNC_MISC.BUILD (ID_BUILD, ID_CAMPEON, ID_BUILD_RUNA, ID_BUILD_OBJETO, RESULTADO) VALUES (93, 58, 1002, 1003, 1);
INSERT INTO BLNC_MISC.BUILD (ID_BUILD, ID_CAMPEON, ID_BUILD_RUNA, ID_BUILD_OBJETO, RESULTADO) VALUES (94, 17, 1005, 1007, 0);
INSERT INTO BLNC_MISC.BUILD (ID_BUILD, ID_CAMPEON, ID_BUILD_RUNA, ID_BUILD_OBJETO, RESULTADO) VALUES (95, 29, 1001, 1012, 1);
INSERT INTO BLNC_MISC.BUILD (ID_BUILD, ID_CAMPEON, ID_BUILD_RUNA, ID_BUILD_OBJETO, RESULTADO) VALUES (96, 59, 1002, 1015, 0);
INSERT INTO BLNC_MISC.BUILD (ID_BUILD, ID_CAMPEON, ID_BUILD_RUNA, ID_BUILD_OBJETO, RESULTADO) VALUES (97, 20, 1003, 1001, 1);
INSERT INTO BLNC_MISC.BUILD (ID_BUILD, ID_CAMPEON, ID_BUILD_RUNA, ID_BUILD_OBJETO, RESULTADO) VALUES (98, 99, 1004, 1009, 0);
INSERT INTO BLNC_MISC.BUILD (ID_BUILD, ID_CAMPEON, ID_BUILD_RUNA, ID_BUILD_OBJETO, RESULTADO) VALUES (99, 105, 1005, 1008, 1);
INSERT INTO BLNC_MISC.BUILD (ID_BUILD, ID_CAMPEON, ID_BUILD_RUNA, ID_BUILD_OBJETO, RESULTADO) VALUES (100, 140, 1001, 1101, 0);
INSERT INTO BLNC_MISC.BUILD (ID_BUILD, ID_CAMPEON, ID_BUILD_RUNA, ID_BUILD_OBJETO, RESULTADO) VALUES (101, 132, 1002, 1005, 1);
INSERT INTO BLNC_MISC.BUILD (ID_BUILD, ID_CAMPEON, ID_BUILD_RUNA, ID_BUILD_OBJETO, RESULTADO) VALUES (102, 113, 1003, 1014, 0);
INSERT INTO BLNC_MISC.BUILD (ID_BUILD, ID_CAMPEON, ID_BUILD_RUNA, ID_BUILD_OBJETO, RESULTADO) VALUES (103, 6, 1004, 1002, 1);
INSERT INTO BLNC_MISC.BUILD (ID_BUILD, ID_CAMPEON, ID_BUILD_RUNA, ID_BUILD_OBJETO, RESULTADO) VALUES (104, 139, 1001, 1007, 0);
INSERT INTO BLNC_MISC.BUILD (ID_BUILD, ID_CAMPEON, ID_BUILD_RUNA, ID_BUILD_OBJETO, RESULTADO) VALUES (105, 71, 1005, 1013, 1);
INSERT INTO BLNC_MISC.BUILD (ID_BUILD, ID_CAMPEON, ID_BUILD_RUNA, ID_BUILD_OBJETO, RESULTADO) VALUES (106, 52, 1002, 1003, 0);
INSERT INTO BLNC_MISC.BUILD (ID_BUILD, ID_CAMPEON, ID_BUILD_RUNA, ID_BUILD_OBJETO, RESULTADO) VALUES (107, 38, 1003, 1012, 1);
INSERT INTO BLNC_MISC.BUILD (ID_BUILD, ID_CAMPEON, ID_BUILD_RUNA, ID_BUILD_OBJETO, RESULTADO) VALUES (108, 26, 1004, 1008, 0);
INSERT INTO BLNC_MISC.BUILD (ID_BUILD, ID_CAMPEON, ID_BUILD_RUNA, ID_BUILD_OBJETO, RESULTADO) VALUES (109, 142, 1001, 1016, 1);
INSERT INTO BLNC_MISC.BUILD (ID_BUILD, ID_CAMPEON, ID_BUILD_RUNA, ID_BUILD_OBJETO, RESULTADO) VALUES (110, 23, 1005, 1004, 0);
INSERT INTO BLNC_MISC.BUILD (ID_BUILD, ID_CAMPEON, ID_BUILD_RUNA, ID_BUILD_OBJETO, RESULTADO) VALUES (111, 46, 1003, 1001, 1);
INSERT INTO BLNC_MISC.BUILD (ID_BUILD, ID_CAMPEON, ID_BUILD_RUNA, ID_BUILD_OBJETO, RESULTADO) VALUES (112, 30, 1002, 1103, 0);
INSERT INTO BLNC_MISC.BUILD (ID_BUILD, ID_CAMPEON, ID_BUILD_RUNA, ID_BUILD_OBJETO, RESULTADO) VALUES (113, 67, 1001, 1012, 1);
INSERT INTO BLNC_MISC.BUILD (ID_BUILD, ID_CAMPEON, ID_BUILD_RUNA, ID_BUILD_OBJETO, RESULTADO) VALUES (114, 60, 1004, 1013, 0);
INSERT INTO BLNC_MISC.BUILD (ID_BUILD, ID_CAMPEON, ID_BUILD_RUNA, ID_BUILD_OBJETO, RESULTADO) VALUES (115, 84, 1003, 1014, 1);
INSERT INTO BLNC_MISC.BUILD (ID_BUILD, ID_CAMPEON, ID_BUILD_RUNA, ID_BUILD_OBJETO, RESULTADO) VALUES (116, 88, 1005, 1006, 0);
INSERT INTO BLNC_MISC.BUILD (ID_BUILD, ID_CAMPEON, ID_BUILD_RUNA, ID_BUILD_OBJETO, RESULTADO) VALUES (117, 134, 1002, 1001, 1);
INSERT INTO BLNC_MISC.BUILD (ID_BUILD, ID_CAMPEON, ID_BUILD_RUNA, ID_BUILD_OBJETO, RESULTADO) VALUES (118, 13, 1004, 1015, 0);
INSERT INTO BLNC_MISC.BUILD (ID_BUILD, ID_CAMPEON, ID_BUILD_RUNA, ID_BUILD_OBJETO, RESULTADO) VALUES (119, 86, 1001, 1003, 1);
INSERT INTO BLNC_MISC.BUILD (ID_BUILD, ID_CAMPEON, ID_BUILD_RUNA, ID_BUILD_OBJETO, RESULTADO) VALUES (120, 134, 1002, 1010, 0);
INSERT INTO BLNC_MISC.BUILD (ID_BUILD, ID_CAMPEON, ID_BUILD_RUNA, ID_BUILD_OBJETO, RESULTADO) VALUES (121, 71, 1003, 1008, 1);
INSERT INTO BLNC_MISC.BUILD (ID_BUILD, ID_CAMPEON, ID_BUILD_RUNA, ID_BUILD_OBJETO, RESULTADO) VALUES (122, 56, 1004, 1014, 0);
INSERT INTO BLNC_MISC.BUILD (ID_BUILD, ID_CAMPEON, ID_BUILD_RUNA, ID_BUILD_OBJETO, RESULTADO) VALUES (123, 114, 1005, 1007, 1);
INSERT INTO BLNC_MISC.BUILD (ID_BUILD, ID_CAMPEON, ID_BUILD_RUNA, ID_BUILD_OBJETO, RESULTADO) VALUES (124, 103, 1001, 1002, 0);
INSERT INTO BLNC_MISC.BUILD (ID_BUILD, ID_CAMPEON, ID_BUILD_RUNA, ID_BUILD_OBJETO, RESULTADO) VALUES (125, 134, 1002, 1009, 1);
INSERT INTO BLNC_MISC.BUILD (ID_BUILD, ID_CAMPEON, ID_BUILD_RUNA, ID_BUILD_OBJETO, RESULTADO) VALUES (126, 18, 1003, 1005, 0);
INSERT INTO BLNC_MISC.BUILD (ID_BUILD, ID_CAMPEON, ID_BUILD_RUNA, ID_BUILD_OBJETO, RESULTADO) VALUES (127, 7, 1004, 1001, 1);
INSERT INTO BLNC_MISC.BUILD (ID_BUILD, ID_CAMPEON, ID_BUILD_RUNA, ID_BUILD_OBJETO, RESULTADO) VALUES (128, 142, 1005, 1013, 0);
INSERT INTO BLNC_MISC.BUILD (ID_BUILD, ID_CAMPEON, ID_BUILD_RUNA, ID_BUILD_OBJETO, RESULTADO) VALUES (129, 84, 1001, 1009, 1);
INSERT INTO BLNC_MISC.BUILD (ID_BUILD, ID_CAMPEON, ID_BUILD_RUNA, ID_BUILD_OBJETO, RESULTADO) VALUES (130, 19, 1002, 1003, 0);
INSERT INTO BLNC_MISC.BUILD (ID_BUILD, ID_CAMPEON, ID_BUILD_RUNA, ID_BUILD_OBJETO, RESULTADO) VALUES (131, 75, 1003, 1006, 1);
INSERT INTO BLNC_MISC.BUILD (ID_BUILD, ID_CAMPEON, ID_BUILD_RUNA, ID_BUILD_OBJETO, RESULTADO) VALUES (132, 32, 1004, 1012, 0);
INSERT INTO BLNC_MISC.BUILD (ID_BUILD, ID_CAMPEON, ID_BUILD_RUNA, ID_BUILD_OBJETO, RESULTADO) VALUES (133, 80, 1005, 1011, 1);
INSERT INTO BLNC_MISC.BUILD (ID_BUILD, ID_CAMPEON, ID_BUILD_RUNA, ID_BUILD_OBJETO, RESULTADO) VALUES (134, 139, 1001, 1008, 0);
INSERT INTO BLNC_MISC.BUILD (ID_BUILD, ID_CAMPEON, ID_BUILD_RUNA, ID_BUILD_OBJETO, RESULTADO) VALUES (135, 86, 1002, 1007, 1);
INSERT INTO BLNC_MISC.BUILD (ID_BUILD, ID_CAMPEON, ID_BUILD_RUNA, ID_BUILD_OBJETO, RESULTADO) VALUES (136, 60, 1003, 1001, 0);
INSERT INTO BLNC_MISC.BUILD (ID_BUILD, ID_CAMPEON, ID_BUILD_RUNA, ID_BUILD_OBJETO, RESULTADO) VALUES (137, 71, 1004, 1018, 1);
INSERT INTO BLNC_MISC.BUILD (ID_BUILD, ID_CAMPEON, ID_BUILD_RUNA, ID_BUILD_OBJETO, RESULTADO) VALUES (138, 104, 1001, 1004, 0);
INSERT INTO BLNC_MISC.BUILD (ID_BUILD, ID_CAMPEON, ID_BUILD_RUNA, ID_BUILD_OBJETO, RESULTADO) VALUES (139, 119, 1005, 1012, 1);
INSERT INTO BLNC_MISC.BUILD (ID_BUILD, ID_CAMPEON, ID_BUILD_RUNA, ID_BUILD_OBJETO, RESULTADO) VALUES (140, 100, 1002, 1001, 0);
INSERT INTO BLNC_MISC.BUILD (ID_BUILD, ID_CAMPEON, ID_BUILD_RUNA, ID_BUILD_OBJETO, RESULTADO) VALUES (141, 116, 1003, 1005, 1);
INSERT INTO BLNC_MISC.BUILD (ID_BUILD, ID_CAMPEON, ID_BUILD_RUNA, ID_BUILD_OBJETO, RESULTADO) VALUES (142, 103, 1004, 1013, 0);
INSERT INTO BLNC_MISC.BUILD (ID_BUILD, ID_CAMPEON, ID_BUILD_RUNA, ID_BUILD_OBJETO, RESULTADO) VALUES (143, 7, 1001, 1007, 1);
INSERT INTO BLNC_MISC.BUILD (ID_BUILD, ID_CAMPEON, ID_BUILD_RUNA, ID_BUILD_OBJETO, RESULTADO) VALUES (144, 59, 1002, 1008, 0);
INSERT INTO BLNC_MISC.BUILD (ID_BUILD, ID_CAMPEON, ID_BUILD_RUNA, ID_BUILD_OBJETO, RESULTADO) VALUES (145, 20, 1003, 1014, 1);
INSERT INTO BLNC_MISC.BUILD (ID_BUILD, ID_CAMPEON, ID_BUILD_RUNA, ID_BUILD_OBJETO, RESULTADO) VALUES (146, 47, 1004, 1001, 0);
INSERT INTO BLNC_MISC.BUILD (ID_BUILD, ID_CAMPEON, ID_BUILD_RUNA, ID_BUILD_OBJETO, RESULTADO) VALUES (147, 88, 1005, 1010, 1);
INSERT INTO BLNC_MISC.BUILD (ID_BUILD, ID_CAMPEON, ID_BUILD_RUNA, ID_BUILD_OBJETO, RESULTADO) VALUES (148, 24, 1001, 1006, 0);
INSERT INTO BLNC_MISC.BUILD (ID_BUILD, ID_CAMPEON, ID_BUILD_RUNA, ID_BUILD_OBJETO, RESULTADO) VALUES (149, 76, 1002, 1015, 1);
INSERT INTO BLNC_MISC.BUILD (ID_BUILD, ID_CAMPEON, ID_BUILD_RUNA, ID_BUILD_OBJETO, RESULTADO) VALUES (150, 12, 1003, 1009, 0);
INSERT INTO BLNC_MISC.BUILD (ID_BUILD, ID_CAMPEON, ID_BUILD_RUNA, ID_BUILD_OBJETO, RESULTADO) VALUES (151, 117, 1004, 1007, 1);
INSERT INTO BLNC_MISC.BUILD (ID_BUILD, ID_CAMPEON, ID_BUILD_RUNA, ID_BUILD_OBJETO, RESULTADO) VALUES (152, 49, 1005, 1003, 0);
INSERT INTO BLNC_MISC.BUILD (ID_BUILD, ID_CAMPEON, ID_BUILD_RUNA, ID_BUILD_OBJETO, RESULTADO) VALUES (153, 134, 1001, 1011, 1);
INSERT INTO BLNC_MISC.BUILD (ID_BUILD, ID_CAMPEON, ID_BUILD_RUNA, ID_BUILD_OBJETO, RESULTADO) VALUES (154, 124, 1002, 1005, 0);
INSERT INTO BLNC_MISC.BUILD (ID_BUILD, ID_CAMPEON, ID_BUILD_RUNA, ID_BUILD_OBJETO, RESULTADO) VALUES (155, 113, 1003, 1016, 1);
INSERT INTO BLNC_MISC.BUILD (ID_BUILD, ID_CAMPEON, ID_BUILD_RUNA, ID_BUILD_OBJETO, RESULTADO) VALUES (156, 31, 1004, 1017, 0);
INSERT INTO BLNC_MISC.BUILD (ID_BUILD, ID_CAMPEON, ID_BUILD_RUNA, ID_BUILD_OBJETO, RESULTADO) VALUES (157, 109, 1005, 1002, 1);
INSERT INTO BLNC_MISC.BUILD (ID_BUILD, ID_CAMPEON, ID_BUILD_RUNA, ID_BUILD_OBJETO, RESULTADO) VALUES (158, 81, 1001, 1003, 0);
INSERT INTO BLNC_MISC.BUILD (ID_BUILD, ID_CAMPEON, ID_BUILD_RUNA, ID_BUILD_OBJETO, RESULTADO) VALUES (159, 92, 1002, 1006, 1);
INSERT INTO BLNC_MISC.BUILD (ID_BUILD, ID_CAMPEON, ID_BUILD_RUNA, ID_BUILD_OBJETO, RESULTADO) VALUES (160, 80, 1003, 1010, 0);
INSERT INTO BLNC_MISC.BUILD (ID_BUILD, ID_CAMPEON, ID_BUILD_RUNA, ID_BUILD_OBJETO, RESULTADO) VALUES (161, 4, 1004, 1014, 1);
INSERT INTO BLNC_MISC.BUILD (ID_BUILD, ID_CAMPEON, ID_BUILD_RUNA, ID_BUILD_OBJETO, RESULTADO) VALUES (162, 86, 1005, 1009, 0);
INSERT INTO BLNC_MISC.BUILD (ID_BUILD, ID_CAMPEON, ID_BUILD_RUNA, ID_BUILD_OBJETO, RESULTADO) VALUES (163, 29, 1001, 1015, 1);
INSERT INTO BLNC_MISC.BUILD (ID_BUILD, ID_CAMPEON, ID_BUILD_RUNA, ID_BUILD_OBJETO, RESULTADO) VALUES (164, 135, 1002, 1007, 0);
INSERT INTO BLNC_MISC.BUILD (ID_BUILD, ID_CAMPEON, ID_BUILD_RUNA, ID_BUILD_OBJETO, RESULTADO) VALUES (165, 65, 1003, 1018, 1);
INSERT INTO BLNC_MISC.BUILD (ID_BUILD, ID_CAMPEON, ID_BUILD_RUNA, ID_BUILD_OBJETO, RESULTADO) VALUES (166, 119, 1004, 1002, 0);
INSERT INTO BLNC_MISC.BUILD (ID_BUILD, ID_CAMPEON, ID_BUILD_RUNA, ID_BUILD_OBJETO, RESULTADO) VALUES (167, 70, 1005, 1011, 1);
INSERT INTO BLNC_MISC.BUILD (ID_BUILD, ID_CAMPEON, ID_BUILD_RUNA, ID_BUILD_OBJETO, RESULTADO) VALUES (168, 139, 1001, 1009, 0);
INSERT INTO BLNC_MISC.BUILD (ID_BUILD, ID_CAMPEON, ID_BUILD_RUNA, ID_BUILD_OBJETO, RESULTADO) VALUES (169, 129, 1002, 1005, 1);
INSERT INTO BLNC_MISC.BUILD (ID_BUILD, ID_CAMPEON, ID_BUILD_RUNA, ID_BUILD_OBJETO, RESULTADO) VALUES (170, 2, 1003, 1012, 0);
INSERT INTO BLNC_MISC.BUILD (ID_BUILD, ID_CAMPEON, ID_BUILD_RUNA, ID_BUILD_OBJETO, RESULTADO) VALUES (171, 114, 1004, 1014, 1);
INSERT INTO BLNC_MISC.BUILD (ID_BUILD, ID_CAMPEON, ID_BUILD_RUNA, ID_BUILD_OBJETO, RESULTADO) VALUES (172, 135, 1001, 1015, 0);
INSERT INTO BLNC_MISC.BUILD (ID_BUILD, ID_CAMPEON, ID_BUILD_RUNA, ID_BUILD_OBJETO, RESULTADO) VALUES (173, 3, 1002, 1001, 1);
INSERT INTO BLNC_MISC.BUILD (ID_BUILD, ID_CAMPEON, ID_BUILD_RUNA, ID_BUILD_OBJETO, RESULTADO) VALUES (174, 104, 1003, 1008, 0);
INSERT INTO BLNC_MISC.BUILD (ID_BUILD, ID_CAMPEON, ID_BUILD_RUNA, ID_BUILD_OBJETO, RESULTADO) VALUES (175, 82, 1004, 1013, 1);
INSERT INTO BLNC_MISC.BUILD (ID_BUILD, ID_CAMPEON, ID_BUILD_RUNA, ID_BUILD_OBJETO, RESULTADO) VALUES (176, 43, 1005, 1009, 0);
INSERT INTO BLNC_MISC.BUILD (ID_BUILD, ID_CAMPEON, ID_BUILD_RUNA, ID_BUILD_OBJETO, RESULTADO) VALUES (177, 47, 1001, 1002, 1);
INSERT INTO BLNC_MISC.BUILD (ID_BUILD, ID_CAMPEON, ID_BUILD_RUNA, ID_BUILD_OBJETO, RESULTADO) VALUES (178, 118, 1002, 1006, 0);
INSERT INTO BLNC_MISC.BUILD (ID_BUILD, ID_CAMPEON, ID_BUILD_RUNA, ID_BUILD_OBJETO, RESULTADO) VALUES (179, 40, 1003, 1010, 1);
INSERT INTO BLNC_MISC.BUILD (ID_BUILD, ID_CAMPEON, ID_BUILD_RUNA, ID_BUILD_OBJETO, RESULTADO) VALUES (180, 35, 1004, 1001, 0);
INSERT INTO BLNC_MISC.BUILD (ID_BUILD, ID_CAMPEON, ID_BUILD_RUNA, ID_BUILD_OBJETO, RESULTADO) VALUES (181, 81, 1005, 1015, 1);
INSERT INTO BLNC_MISC.BUILD (ID_BUILD, ID_CAMPEON, ID_BUILD_RUNA, ID_BUILD_OBJETO, RESULTADO) VALUES (182, 125, 1001, 1009, 0);
INSERT INTO BLNC_MISC.BUILD (ID_BUILD, ID_CAMPEON, ID_BUILD_RUNA, ID_BUILD_OBJETO, RESULTADO) VALUES (183, 93, 1002, 1012, 1);
INSERT INTO BLNC_MISC.BUILD (ID_BUILD, ID_CAMPEON, ID_BUILD_RUNA, ID_BUILD_OBJETO, RESULTADO) VALUES (184, 132, 1003, 1003, 0);
INSERT INTO BLNC_MISC.BUILD (ID_BUILD, ID_CAMPEON, ID_BUILD_RUNA, ID_BUILD_OBJETO, RESULTADO) VALUES (185, 45, 1004, 1008, 1);
INSERT INTO BLNC_MISC.BUILD (ID_BUILD, ID_CAMPEON, ID_BUILD_RUNA, ID_BUILD_OBJETO, RESULTADO) VALUES (186, 39, 1005, 1011, 0);
INSERT INTO BLNC_MISC.BUILD (ID_BUILD, ID_CAMPEON, ID_BUILD_RUNA, ID_BUILD_OBJETO, RESULTADO) VALUES (187, 67, 1001, 1006, 1);
INSERT INTO BLNC_MISC.BUILD (ID_BUILD, ID_CAMPEON, ID_BUILD_RUNA, ID_BUILD_OBJETO, RESULTADO) VALUES (188, 87, 1002, 1004, 0);
INSERT INTO BLNC_MISC.BUILD (ID_BUILD, ID_CAMPEON, ID_BUILD_RUNA, ID_BUILD_OBJETO, RESULTADO) VALUES (189, 114, 1003, 1015, 1);
INSERT INTO BLNC_MISC.BUILD (ID_BUILD, ID_CAMPEON, ID_BUILD_RUNA, ID_BUILD_OBJETO, RESULTADO) VALUES (190, 77, 1004, 1007, 0);
INSERT INTO BLNC_MISC.BUILD (ID_BUILD, ID_CAMPEON, ID_BUILD_RUNA, ID_BUILD_OBJETO, RESULTADO) VALUES (191, 127, 1005, 1009, 1);
INSERT INTO BLNC_MISC.BUILD (ID_BUILD, ID_CAMPEON, ID_BUILD_RUNA, ID_BUILD_OBJETO, RESULTADO) VALUES (192, 15, 1001, 1013, 0);
INSERT INTO BLNC_MISC.BUILD (ID_BUILD, ID_CAMPEON, ID_BUILD_RUNA, ID_BUILD_OBJETO, RESULTADO) VALUES (193, 76, 1002, 1011, 1);
INSERT INTO BLNC_MISC.BUILD (ID_BUILD, ID_CAMPEON, ID_BUILD_RUNA, ID_BUILD_OBJETO, RESULTADO) VALUES (194, 58, 1003, 1016, 0);
INSERT INTO BLNC_MISC.BUILD (ID_BUILD, ID_CAMPEON, ID_BUILD_RUNA, ID_BUILD_OBJETO, RESULTADO) VALUES (195, 64, 1004, 1001, 1);
INSERT INTO BLNC_MISC.BUILD (ID_BUILD, ID_CAMPEON, ID_BUILD_RUNA, ID_BUILD_OBJETO, RESULTADO) VALUES (196, 66, 1005, 1005, 0);
INSERT INTO BLNC_MISC.BUILD (ID_BUILD, ID_CAMPEON, ID_BUILD_RUNA, ID_BUILD_OBJETO, RESULTADO) VALUES (197, 132, 1001, 1014, 1);
INSERT INTO BLNC_MISC.BUILD (ID_BUILD, ID_CAMPEON, ID_BUILD_RUNA, ID_BUILD_OBJETO, RESULTADO) VALUES (198, 93, 1002, 1013, 0);
INSERT INTO BLNC_MISC.BUILD (ID_BUILD, ID_CAMPEON, ID_BUILD_RUNA, ID_BUILD_OBJETO, RESULTADO) VALUES (199, 12, 1003, 1007, 1);
INSERT INTO BLNC_MISC.BUILD (ID_BUILD, ID_CAMPEON, ID_BUILD_RUNA, ID_BUILD_OBJETO, RESULTADO) VALUES (200, 88, 1004, 1008, 0);
INSERT INTO BLNC_MISC.BUILD (ID_BUILD, ID_CAMPEON, ID_BUILD_RUNA, ID_BUILD_OBJETO, RESULTADO) VALUES (201, 37, 1005, 1017, 1);
INSERT INTO BLNC_MISC.BUILD (ID_BUILD, ID_CAMPEON, ID_BUILD_RUNA, ID_BUILD_OBJETO, RESULTADO) VALUES (202, 21, 1001, 1015, 0);
INSERT INTO BLNC_MISC.BUILD (ID_BUILD, ID_CAMPEON, ID_BUILD_RUNA, ID_BUILD_OBJETO, RESULTADO) VALUES (203, 127, 1002, 1010, 1);
INSERT INTO BLNC_MISC.BUILD (ID_BUILD, ID_CAMPEON, ID_BUILD_RUNA, ID_BUILD_OBJETO, RESULTADO) VALUES (204, 132, 1003, 1009, 0);
INSERT INTO BLNC_MISC.BUILD (ID_BUILD, ID_CAMPEON, ID_BUILD_RUNA, ID_BUILD_OBJETO, RESULTADO) VALUES (205, 117, 1004, 1013, 1);
INSERT INTO BLNC_MISC.BUILD (ID_BUILD, ID_CAMPEON, ID_BUILD_RUNA, ID_BUILD_OBJETO, RESULTADO) VALUES (206, 45, 1005, 1007, 0);
INSERT INTO BLNC_MISC.BUILD (ID_BUILD, ID_CAMPEON, ID_BUILD_RUNA, ID_BUILD_OBJETO, RESULTADO) VALUES (207, 139, 1001, 1005, 1);
INSERT INTO BLNC_MISC.BUILD (ID_BUILD, ID_CAMPEON, ID_BUILD_RUNA, ID_BUILD_OBJETO, RESULTADO) VALUES (208, 105, 1002, 1003, 0);
INSERT INTO BLNC_MISC.BUILD (ID_BUILD, ID_CAMPEON, ID_BUILD_RUNA, ID_BUILD_OBJETO, RESULTADO) VALUES (209, 82, 1003, 1010, 1);
INSERT INTO BLNC_MISC.BUILD (ID_BUILD, ID_CAMPEON, ID_BUILD_RUNA, ID_BUILD_OBJETO, RESULTADO) VALUES (210, 75, 1004, 1011, 0);
INSERT INTO BLNC_MISC.BUILD (ID_BUILD, ID_CAMPEON, ID_BUILD_RUNA, ID_BUILD_OBJETO, RESULTADO) VALUES (211, 61, 1005, 1017, 1);
INSERT INTO BLNC_MISC.BUILD (ID_BUILD, ID_CAMPEON, ID_BUILD_RUNA, ID_BUILD_OBJETO, RESULTADO) VALUES (212, 15, 1001, 1015, 0);
INSERT INTO BLNC_MISC.BUILD (ID_BUILD, ID_CAMPEON, ID_BUILD_RUNA, ID_BUILD_OBJETO, RESULTADO) VALUES (213, 88, 1002, 1011, 1);
INSERT INTO BLNC_MISC.BUILD (ID_BUILD, ID_CAMPEON, ID_BUILD_RUNA, ID_BUILD_OBJETO, RESULTADO) VALUES (214, 7, 1003, 1012, 0);
INSERT INTO BLNC_MISC.BUILD (ID_BUILD, ID_CAMPEON, ID_BUILD_RUNA, ID_BUILD_OBJETO, RESULTADO) VALUES (215, 65, 1004, 1005, 1);
INSERT INTO BLNC_MISC.BUILD (ID_BUILD, ID_CAMPEON, ID_BUILD_RUNA, ID_BUILD_OBJETO, RESULTADO) VALUES (216, 11, 1005, 1017, 0);
INSERT INTO BLNC_MISC.BUILD (ID_BUILD, ID_CAMPEON, ID_BUILD_RUNA, ID_BUILD_OBJETO, RESULTADO) VALUES (217, 132, 1001, 1009, 1);
INSERT INTO BLNC_MISC.BUILD (ID_BUILD, ID_CAMPEON, ID_BUILD_RUNA, ID_BUILD_OBJETO, RESULTADO) VALUES (218, 22, 1002, 1004, 0);
INSERT INTO BLNC_MISC.BUILD (ID_BUILD, ID_CAMPEON, ID_BUILD_RUNA, ID_BUILD_OBJETO, RESULTADO) VALUES (219, 92, 1003, 1013, 1);
INSERT INTO BLNC_MISC.BUILD (ID_BUILD, ID_CAMPEON, ID_BUILD_RUNA, ID_BUILD_OBJETO, RESULTADO) VALUES (220, 86, 1004, 1001, 0);
INSERT INTO BLNC_MISC.BUILD (ID_BUILD, ID_CAMPEON, ID_BUILD_RUNA, ID_BUILD_OBJETO, RESULTADO) VALUES (221, 139, 1005, 1006, 1);
INSERT INTO BLNC_MISC.BUILD (ID_BUILD, ID_CAMPEON, ID_BUILD_RUNA, ID_BUILD_OBJETO, RESULTADO) VALUES (222, 125, 1001, 1015, 0);
INSERT INTO BLNC_MISC.BUILD (ID_BUILD, ID_CAMPEON, ID_BUILD_RUNA, ID_BUILD_OBJETO, RESULTADO) VALUES (223, 112, 1002, 1010, 1);
INSERT INTO BLNC_MISC.BUILD (ID_BUILD, ID_CAMPEON, ID_BUILD_RUNA, ID_BUILD_OBJETO, RESULTADO) VALUES (224, 104, 1034, 1008, 0);
INSERT INTO BLNC_MISC.BUILD (ID_BUILD, ID_CAMPEON, ID_BUILD_RUNA, ID_BUILD_OBJETO, RESULTADO) VALUES (225, 59, 1004, 1003, 1);
INSERT INTO BLNC_MISC.BUILD (ID_BUILD, ID_CAMPEON, ID_BUILD_RUNA, ID_BUILD_OBJETO, RESULTADO) VALUES (226, 35, 1005, 1011, 0);
INSERT INTO BLNC_MISC.BUILD (ID_BUILD, ID_CAMPEON, ID_BUILD_RUNA, ID_BUILD_OBJETO, RESULTADO) VALUES (227, 137, 1001, 1015, 1);
INSERT INTO BLNC_MISC.BUILD (ID_BUILD, ID_CAMPEON, ID_BUILD_RUNA, ID_BUILD_OBJETO, RESULTADO) VALUES (228, 44, 1002, 1007, 0);
INSERT INTO BLNC_MISC.BUILD (ID_BUILD, ID_CAMPEON, ID_BUILD_RUNA, ID_BUILD_OBJETO, RESULTADO) VALUES (229, 105, 1003, 1013, 1);
INSERT INTO BLNC_MISC.BUILD (ID_BUILD, ID_CAMPEON, ID_BUILD_RUNA, ID_BUILD_OBJETO, RESULTADO) VALUES (230, 133, 1004, 1008, 0);
INSERT INTO BLNC_MISC.BUILD (ID_BUILD, ID_CAMPEON, ID_BUILD_RUNA, ID_BUILD_OBJETO, RESULTADO) VALUES (231, 8, 1005, 1015, 1);
INSERT INTO BLNC_MISC.BUILD (ID_BUILD, ID_CAMPEON, ID_BUILD_RUNA, ID_BUILD_OBJETO, RESULTADO) VALUES (232, 129, 1001, 1004, 0);
INSERT INTO BLNC_MISC.BUILD (ID_BUILD, ID_CAMPEON, ID_BUILD_RUNA, ID_BUILD_OBJETO, RESULTADO) VALUES (233, 129, 1002, 1017, 1);
INSERT INTO BLNC_MISC.BUILD (ID_BUILD, ID_CAMPEON, ID_BUILD_RUNA, ID_BUILD_OBJETO, RESULTADO) VALUES (234, 104, 1003, 1012, 0);
INSERT INTO BLNC_MISC.BUILD (ID_BUILD, ID_CAMPEON, ID_BUILD_RUNA, ID_BUILD_OBJETO, RESULTADO) VALUES (235, 87, 1004, 1009, 1);
INSERT INTO BLNC_MISC.BUILD (ID_BUILD, ID_CAMPEON, ID_BUILD_RUNA, ID_BUILD_OBJETO, RESULTADO) VALUES (236, 38, 1005, 1018, 0);
INSERT INTO BLNC_MISC.BUILD (ID_BUILD, ID_CAMPEON, ID_BUILD_RUNA, ID_BUILD_OBJETO, RESULTADO) VALUES (237, 49, 1001, 1010, 1);
INSERT INTO BLNC_MISC.BUILD (ID_BUILD, ID_CAMPEON, ID_BUILD_RUNA, ID_BUILD_OBJETO, RESULTADO) VALUES (238, 80, 1002, 1005, 0);
INSERT INTO BLNC_MISC.BUILD (ID_BUILD, ID_CAMPEON, ID_BUILD_RUNA, ID_BUILD_OBJETO, RESULTADO) VALUES (239, 135, 1003, 1013, 1);
INSERT INTO BLNC_MISC.BUILD (ID_BUILD, ID_CAMPEON, ID_BUILD_RUNA, ID_BUILD_OBJETO, RESULTADO) VALUES (240, 118, 1004, 1002, 0);
INSERT INTO BLNC_MISC.BUILD (ID_BUILD, ID_CAMPEON, ID_BUILD_RUNA, ID_BUILD_OBJETO, RESULTADO) VALUES (241, 60, 1005, 1017, 1);
INSERT INTO BLNC_MISC.BUILD (ID_BUILD, ID_CAMPEON, ID_BUILD_RUNA, ID_BUILD_OBJETO, RESULTADO) VALUES (242, 72, 1001, 1016, 0);
INSERT INTO BLNC_MISC.BUILD (ID_BUILD, ID_CAMPEON, ID_BUILD_RUNA, ID_BUILD_OBJETO, RESULTADO) VALUES (243, 100, 1002, 1009, 1);
INSERT INTO BLNC_MISC.BUILD (ID_BUILD, ID_CAMPEON, ID_BUILD_RUNA, ID_BUILD_OBJETO, RESULTADO) VALUES (244, 51, 1003, 1011, 0);
INSERT INTO BLNC_MISC.BUILD (ID_BUILD, ID_CAMPEON, ID_BUILD_RUNA, ID_BUILD_OBJETO, RESULTADO) VALUES (245, 23, 1004, 1015, 1);
INSERT INTO BLNC_MISC.BUILD (ID_BUILD, ID_CAMPEON, ID_BUILD_RUNA, ID_BUILD_OBJETO, RESULTADO) VALUES (246, 130, 1005, 1018, 0);
INSERT INTO BLNC_MISC.BUILD (ID_BUILD, ID_CAMPEON, ID_BUILD_RUNA, ID_BUILD_OBJETO, RESULTADO) VALUES (247, 112, 1001, 1014, 1);
INSERT INTO BLNC_MISC.BUILD (ID_BUILD, ID_CAMPEON, ID_BUILD_RUNA, ID_BUILD_OBJETO, RESULTADO) VALUES (248, 118, 1002, 1007, 0);
INSERT INTO BLNC_MISC.BUILD (ID_BUILD, ID_CAMPEON, ID_BUILD_RUNA, ID_BUILD_OBJETO, RESULTADO) VALUES (249, 33, 1003, 1018, 1);
INSERT INTO BLNC_MISC.BUILD (ID_BUILD, ID_CAMPEON, ID_BUILD_RUNA, ID_BUILD_OBJETO, RESULTADO) VALUES (250, 68, 1004, 1005, 0);
INSERT INTO BLNC_MISC.BUILD (ID_BUILD, ID_CAMPEON, ID_BUILD_RUNA, ID_BUILD_OBJETO, RESULTADO) VALUES (251, 36, 1005, 1016, 1);
INSERT INTO BLNC_MISC.BUILD (ID_BUILD, ID_CAMPEON, ID_BUILD_RUNA, ID_BUILD_OBJETO, RESULTADO) VALUES (252, 138, 1001, 1008, 0);
INSERT INTO BLNC_MISC.BUILD (ID_BUILD, ID_CAMPEON, ID_BUILD_RUNA, ID_BUILD_OBJETO, RESULTADO) VALUES (253, 134, 1002, 1013, 1);
INSERT INTO BLNC_MISC.BUILD (ID_BUILD, ID_CAMPEON, ID_BUILD_RUNA, ID_BUILD_OBJETO, RESULTADO) VALUES (254, 46, 1003, 1004, 0);
INSERT INTO BLNC_MISC.BUILD (ID_BUILD, ID_CAMPEON, ID_BUILD_RUNA, ID_BUILD_OBJETO, RESULTADO) VALUES (255, 130, 1004, 1008, 1);
INSERT INTO BLNC_MISC.BUILD (ID_BUILD, ID_CAMPEON, ID_BUILD_RUNA, ID_BUILD_OBJETO, RESULTADO) VALUES (256, 85, 1005, 1015, 0);
INSERT INTO BLNC_MISC.BUILD (ID_BUILD, ID_CAMPEON, ID_BUILD_RUNA, ID_BUILD_OBJETO, RESULTADO) VALUES (257, 4, 1001, 1011, 1);
INSERT INTO BLNC_MISC.BUILD (ID_BUILD, ID_CAMPEON, ID_BUILD_RUNA, ID_BUILD_OBJETO, RESULTADO) VALUES (258, 141, 1002, 1007, 0);
INSERT INTO BLNC_MISC.BUILD (ID_BUILD, ID_CAMPEON, ID_BUILD_RUNA, ID_BUILD_OBJETO, RESULTADO) VALUES (259, 72, 1003, 1019, 1);
INSERT INTO BLNC_MISC.BUILD (ID_BUILD, ID_CAMPEON, ID_BUILD_RUNA, ID_BUILD_OBJETO, RESULTADO) VALUES (260, 37, 1004, 1010, 0);
INSERT INTO BLNC_MISC.BUILD (ID_BUILD, ID_CAMPEON, ID_BUILD_RUNA, ID_BUILD_OBJETO, RESULTADO) VALUES (261, 31, 1005, 1003, 1);
INSERT INTO BLNC_MISC.BUILD (ID_BUILD, ID_CAMPEON, ID_BUILD_RUNA, ID_BUILD_OBJETO, RESULTADO) VALUES (262, 50, 1001, 1015, 0);
INSERT INTO BLNC_MISC.BUILD (ID_BUILD, ID_CAMPEON, ID_BUILD_RUNA, ID_BUILD_OBJETO, RESULTADO) VALUES (263, 41, 1002, 1014, 1);
INSERT INTO BLNC_MISC.BUILD (ID_BUILD, ID_CAMPEON, ID_BUILD_RUNA, ID_BUILD_OBJETO, RESULTADO) VALUES (264, 76, 1003, 1006, 0);
INSERT INTO BLNC_MISC.BUILD (ID_BUILD, ID_CAMPEON, ID_BUILD_RUNA, ID_BUILD_OBJETO, RESULTADO) VALUES (265, 66, 1004, 1012, 1);
INSERT INTO BLNC_MISC.BUILD (ID_BUILD, ID_CAMPEON, ID_BUILD_RUNA, ID_BUILD_OBJETO, RESULTADO) VALUES (266, 23, 1005, 1011, 0);
INSERT INTO BLNC_MISC.BUILD (ID_BUILD, ID_CAMPEON, ID_BUILD_RUNA, ID_BUILD_OBJETO, RESULTADO) VALUES (267, 138, 1001, 1015, 1);
INSERT INTO BLNC_MISC.BUILD (ID_BUILD, ID_CAMPEON, ID_BUILD_RUNA, ID_BUILD_OBJETO, RESULTADO) VALUES (268, 44, 1002, 1014, 0);
INSERT INTO BLNC_MISC.BUILD (ID_BUILD, ID_CAMPEON, ID_BUILD_RUNA, ID_BUILD_OBJETO, RESULTADO) VALUES (269, 4, 1003, 1002, 1);
INSERT INTO BLNC_MISC.BUILD (ID_BUILD, ID_CAMPEON, ID_BUILD_RUNA, ID_BUILD_OBJETO, RESULTADO) VALUES (270, 83, 1004, 1013, 0);
INSERT INTO BLNC_MISC.BUILD (ID_BUILD, ID_CAMPEON, ID_BUILD_RUNA, ID_BUILD_OBJETO, RESULTADO) VALUES (271, 93, 1005, 1016, 1);
INSERT INTO BLNC_MISC.BUILD (ID_BUILD, ID_CAMPEON, ID_BUILD_RUNA, ID_BUILD_OBJETO, RESULTADO) VALUES (272, 88, 1001, 1011, 0);
INSERT INTO BLNC_MISC.BUILD (ID_BUILD, ID_CAMPEON, ID_BUILD_RUNA, ID_BUILD_OBJETO, RESULTADO) VALUES (273, 27, 1002, 1006, 1);
INSERT INTO BLNC_MISC.BUILD (ID_BUILD, ID_CAMPEON, ID_BUILD_RUNA, ID_BUILD_OBJETO, RESULTADO) VALUES (274, 108, 1003, 1005, 0);
INSERT INTO BLNC_MISC.BUILD (ID_BUILD, ID_CAMPEON, ID_BUILD_RUNA, ID_BUILD_OBJETO, RESULTADO) VALUES (275, 56, 1004, 1018, 1);
INSERT INTO BLNC_MISC.BUILD (ID_BUILD, ID_CAMPEON, ID_BUILD_RUNA, ID_BUILD_OBJETO, RESULTADO) VALUES (276, 36, 1005, 1007, 0);
INSERT INTO BLNC_MISC.BUILD (ID_BUILD, ID_CAMPEON, ID_BUILD_RUNA, ID_BUILD_OBJETO, RESULTADO) VALUES (277, 82, 1001, 1009, 1);
INSERT INTO BLNC_MISC.BUILD (ID_BUILD, ID_CAMPEON, ID_BUILD_RUNA, ID_BUILD_OBJETO, RESULTADO) VALUES (278, 137, 1002, 1002, 0);
INSERT INTO BLNC_MISC.BUILD (ID_BUILD, ID_CAMPEON, ID_BUILD_RUNA, ID_BUILD_OBJETO, RESULTADO) VALUES (279, 47, 1003, 1004, 1);
INSERT INTO BLNC_MISC.BUILD (ID_BUILD, ID_CAMPEON, ID_BUILD_RUNA, ID_BUILD_OBJETO, RESULTADO) VALUES (280, 135, 1004, 1015, 0);
INSERT INTO BLNC_MISC.BUILD (ID_BUILD, ID_CAMPEON, ID_BUILD_RUNA, ID_BUILD_OBJETO, RESULTADO) VALUES (281, 53, 1005, 1003, 1);
INSERT INTO BLNC_MISC.BUILD (ID_BUILD, ID_CAMPEON, ID_BUILD_RUNA, ID_BUILD_OBJETO, RESULTADO) VALUES (282, 74, 1001, 1008, 0);
INSERT INTO BLNC_MISC.BUILD (ID_BUILD, ID_CAMPEON, ID_BUILD_RUNA, ID_BUILD_OBJETO, RESULTADO) VALUES (283, 126, 1002, 1006, 1);
INSERT INTO BLNC_MISC.BUILD (ID_BUILD, ID_CAMPEON, ID_BUILD_RUNA, ID_BUILD_OBJETO, RESULTADO) VALUES (284, 38, 1003, 1009, 0);
INSERT INTO BLNC_MISC.BUILD (ID_BUILD, ID_CAMPEON, ID_BUILD_RUNA, ID_BUILD_OBJETO, RESULTADO) VALUES (285, 104, 1004, 1017, 1);
INSERT INTO BLNC_MISC.BUILD (ID_BUILD, ID_CAMPEON, ID_BUILD_RUNA, ID_BUILD_OBJETO, RESULTADO) VALUES (286, 99, 1005, 1005, 0);
INSERT INTO BLNC_MISC.BUILD (ID_BUILD, ID_CAMPEON, ID_BUILD_RUNA, ID_BUILD_OBJETO, RESULTADO) VALUES (287, 14, 1001, 1015, 1);
INSERT INTO BLNC_MISC.BUILD (ID_BUILD, ID_CAMPEON, ID_BUILD_RUNA, ID_BUILD_OBJETO, RESULTADO) VALUES (288, 103, 1002, 1012, 0);
INSERT INTO BLNC_MISC.BUILD (ID_BUILD, ID_CAMPEON, ID_BUILD_RUNA, ID_BUILD_OBJETO, RESULTADO) VALUES (289, 39, 1003, 1013, 1);
INSERT INTO BLNC_MISC.BUILD (ID_BUILD, ID_CAMPEON, ID_BUILD_RUNA, ID_BUILD_OBJETO, RESULTADO) VALUES (290, 2, 1004, 1009, 0);
INSERT INTO BLNC_MISC.BUILD (ID_BUILD, ID_CAMPEON, ID_BUILD_RUNA, ID_BUILD_OBJETO, RESULTADO) VALUES (291, 8, 1005, 1007, 1);
INSERT INTO BLNC_MISC.BUILD (ID_BUILD, ID_CAMPEON, ID_BUILD_RUNA, ID_BUILD_OBJETO, RESULTADO) VALUES (292, 104, 1001, 1011, 0);
INSERT INTO BLNC_MISC.BUILD (ID_BUILD, ID_CAMPEON, ID_BUILD_RUNA, ID_BUILD_OBJETO, RESULTADO) VALUES (293, 16, 1002, 1005, 1);
INSERT INTO BLNC_MISC.BUILD (ID_BUILD, ID_CAMPEON, ID_BUILD_RUNA, ID_BUILD_OBJETO, RESULTADO) VALUES (294, 139, 1003, 1008, 0);
INSERT INTO BLNC_MISC.BUILD (ID_BUILD, ID_CAMPEON, ID_BUILD_RUNA, ID_BUILD_OBJETO, RESULTADO) VALUES (295, 96, 1004, 1006, 1);
INSERT INTO BLNC_MISC.BUILD (ID_BUILD, ID_CAMPEON, ID_BUILD_RUNA, ID_BUILD_OBJETO, RESULTADO) VALUES (296, 6, 1005, 1013, 0);
INSERT INTO BLNC_MISC.BUILD (ID_BUILD, ID_CAMPEON, ID_BUILD_RUNA, ID_BUILD_OBJETO, RESULTADO) VALUES (297, 18, 1001, 1015, 1);
INSERT INTO BLNC_MISC.BUILD (ID_BUILD, ID_CAMPEON, ID_BUILD_RUNA, ID_BUILD_OBJETO, RESULTADO) VALUES (298, 73, 1002, 1004, 0);
INSERT INTO BLNC_MISC.BUILD (ID_BUILD, ID_CAMPEON, ID_BUILD_RUNA, ID_BUILD_OBJETO, RESULTADO) VALUES (299, 90, 1003, 1010, 1);
INSERT INTO BLNC_MISC.BUILD (ID_BUILD, ID_CAMPEON, ID_BUILD_RUNA, ID_BUILD_OBJETO, RESULTADO) VALUES (300, 83, 1004, 1015, 0);
GO

INSERT INTO BLNC_CAMPEON.RESUMEN (ID_RESUMEN, ID_CAMPEON, ID_BAN, ID_RIVAL, ID_BUILD, RESULTADO, TORRES_DESTRUIDAS, KDA, PRIMERA_SANGRE) VALUES (1, 27, 1, 2, 1, 1, 5, 10.50, 1);
INSERT INTO BLNC_CAMPEON.RESUMEN (ID_RESUMEN, ID_CAMPEON, ID_BAN, ID_RIVAL, ID_BUILD, RESULTADO, TORRES_DESTRUIDAS, KDA, PRIMERA_SANGRE) VALUES (2, 134, 2, 3, 2, 0, 2, 5.00, 0);
INSERT INTO BLNC_CAMPEON.RESUMEN (ID_RESUMEN, ID_CAMPEON, ID_BAN, ID_RIVAL, ID_BUILD, RESULTADO, TORRES_DESTRUIDAS, KDA, PRIMERA_SANGRE) VALUES (3, 72, 3, 4, 3, 1, 6, 15.75, 1);
INSERT INTO BLNC_CAMPEON.RESUMEN (ID_RESUMEN, ID_CAMPEON, ID_BAN, ID_RIVAL, ID_BUILD, RESULTADO, TORRES_DESTRUIDAS, KDA, PRIMERA_SANGRE) VALUES (4, 15, 4, 5, 4, 0, 3, 7.25, 0);
INSERT INTO BLNC_CAMPEON.RESUMEN (ID_RESUMEN, ID_CAMPEON, ID_BAN, ID_RIVAL, ID_BUILD, RESULTADO, TORRES_DESTRUIDAS, KDA, PRIMERA_SANGRE) VALUES (5, 89, 5, 6, 5, 1, 4, 12.10, 1);
INSERT INTO BLNC_CAMPEON.RESUMEN (ID_RESUMEN, ID_CAMPEON, ID_BAN, ID_RIVAL, ID_BUILD, RESULTADO, TORRES_DESTRUIDAS, KDA, PRIMERA_SANGRE) VALUES (6, 45, 6, 7, 6, 0, 1, 2.00, 0);
INSERT INTO BLNC_CAMPEON.RESUMEN (ID_RESUMEN, ID_CAMPEON, ID_BAN, ID_RIVAL, ID_BUILD, RESULTADO, TORRES_DESTRUIDAS, KDA, PRIMERA_SANGRE) VALUES (7, 102, 7, 8, 7, 1, 7, 18.00, 1);
INSERT INTO BLNC_CAMPEON.RESUMEN (ID_RESUMEN, ID_CAMPEON, ID_BAN, ID_RIVAL, ID_BUILD, RESULTADO, TORRES_DESTRUIDAS, KDA, PRIMERA_SANGRE) VALUES (8, 118, 8, 9, 8, 0, 2, 3.50, 0);
INSERT INTO BLNC_CAMPEON.RESUMEN (ID_RESUMEN, ID_CAMPEON, ID_BAN, ID_RIVAL, ID_BUILD, RESULTADO, TORRES_DESTRUIDAS, KDA, PRIMERA_SANGRE) VALUES (9, 66, 9, 10, 9, 1, 3, 8.50, 1);
INSERT INTO BLNC_CAMPEON.RESUMEN (ID_RESUMEN, ID_CAMPEON, ID_BAN, ID_RIVAL, ID_BUILD, RESULTADO, TORRES_DESTRUIDAS, KDA, PRIMERA_SANGRE) VALUES (10, 50, 10, 11, 10, 0, 1, 4.75, 0);
INSERT INTO BLNC_CAMPEON.RESUMEN (ID_RESUMEN, ID_CAMPEON, ID_BAN, ID_RIVAL, ID_BUILD, RESULTADO, TORRES_DESTRUIDAS, KDA, PRIMERA_SANGRE) VALUES (11, 94, 11, 12, 11, 1, 6, 14.20, 1);
INSERT INTO BLNC_CAMPEON.RESUMEN (ID_RESUMEN, ID_CAMPEON, ID_BAN, ID_RIVAL, ID_BUILD, RESULTADO, TORRES_DESTRUIDAS, KDA, PRIMERA_SANGRE) VALUES (12, 35, 12, 13, 12, 0, 0, 3.25, 0);
INSERT INTO BLNC_CAMPEON.RESUMEN (ID_RESUMEN, ID_CAMPEON, ID_BAN, ID_RIVAL, ID_BUILD, RESULTADO, TORRES_DESTRUIDAS, KDA, PRIMERA_SANGRE) VALUES (13, 83, 13, 14, 13, 1, 5, 11.50, 1);
INSERT INTO BLNC_CAMPEON.RESUMEN (ID_RESUMEN, ID_CAMPEON, ID_BAN, ID_RIVAL, ID_BUILD, RESULTADO, TORRES_DESTRUIDAS, KDA, PRIMERA_SANGRE) VALUES (14, 67, 14, 15, 14, 0, 2, 5.40, 0);
INSERT INTO BLNC_CAMPEON.RESUMEN (ID_RESUMEN, ID_CAMPEON, ID_BAN, ID_RIVAL, ID_BUILD, RESULTADO, TORRES_DESTRUIDAS, KDA, PRIMERA_SANGRE) VALUES (15, 4, 15, 16, 15, 1, 3, 9.80, 1);
INSERT INTO BLNC_CAMPEON.RESUMEN (ID_RESUMEN, ID_CAMPEON, ID_BAN, ID_RIVAL, ID_BUILD, RESULTADO, TORRES_DESTRUIDAS, KDA, PRIMERA_SANGRE) VALUES (16, 115, 16, 17, 16, 0, 1, 2.30, 0);
INSERT INTO BLNC_CAMPEON.RESUMEN (ID_RESUMEN, ID_CAMPEON, ID_BAN, ID_RIVAL, ID_BUILD, RESULTADO, TORRES_DESTRUIDAS, KDA, PRIMERA_SANGRE) VALUES (17, 36, 17, 18, 17, 1, 6, 13.00, 1);
INSERT INTO BLNC_CAMPEON.RESUMEN (ID_RESUMEN, ID_CAMPEON, ID_BAN, ID_RIVAL, ID_BUILD, RESULTADO, TORRES_DESTRUIDAS, KDA, PRIMERA_SANGRE) VALUES (18, 20, 18, 19, 18, 0, 2, 6.20, 0);
INSERT INTO BLNC_CAMPEON.RESUMEN (ID_RESUMEN, ID_CAMPEON, ID_BAN, ID_RIVAL, ID_BUILD, RESULTADO, TORRES_DESTRUIDAS, KDA, PRIMERA_SANGRE) VALUES (19, 112, 19, 20, 19, 1, 8, 19.90, 1);
INSERT INTO BLNC_CAMPEON.RESUMEN (ID_RESUMEN, ID_CAMPEON, ID_BAN, ID_RIVAL, ID_BUILD, RESULTADO, TORRES_DESTRUIDAS, KDA, PRIMERA_SANGRE) VALUES (20, 8, 20, 21, 20, 0, 0, 4.50, 0);
INSERT INTO BLNC_CAMPEON.RESUMEN (ID_RESUMEN, ID_CAMPEON, ID_BAN, ID_RIVAL, ID_BUILD, RESULTADO, TORRES_DESTRUIDAS, KDA, PRIMERA_SANGRE) VALUES (21, 3, 21, 22, 21, 1, 5, 12.50, 1);
INSERT INTO BLNC_CAMPEON.RESUMEN (ID_RESUMEN, ID_CAMPEON, ID_BAN, ID_RIVAL, ID_BUILD, RESULTADO, TORRES_DESTRUIDAS, KDA, PRIMERA_SANGRE) VALUES (22, 9, 22, 23, 22, 0, 1, 2.90, 0);
INSERT INTO BLNC_CAMPEON.RESUMEN (ID_RESUMEN, ID_CAMPEON, ID_BAN, ID_RIVAL, ID_BUILD, RESULTADO, TORRES_DESTRUIDAS, KDA, PRIMERA_SANGRE) VALUES (23, 122, 23, 24, 23, 1, 7, 15.20, 1);
INSERT INTO BLNC_CAMPEON.RESUMEN (ID_RESUMEN, ID_CAMPEON, ID_BAN, ID_RIVAL, ID_BUILD, RESULTADO, TORRES_DESTRUIDAS, KDA, PRIMERA_SANGRE) VALUES (24, 78, 24, 25, 24, 0, 3, 8.70, 0);
INSERT INTO BLNC_CAMPEON.RESUMEN (ID_RESUMEN, ID_CAMPEON, ID_BAN, ID_RIVAL, ID_BUILD, RESULTADO, TORRES_DESTRUIDAS, KDA, PRIMERA_SANGRE) VALUES (25, 73, 25, 26, 25, 1, 4, 10.30, 1);
INSERT INTO BLNC_CAMPEON.RESUMEN (ID_RESUMEN, ID_CAMPEON, ID_BAN, ID_RIVAL, ID_BUILD, RESULTADO, TORRES_DESTRUIDAS, KDA, PRIMERA_SANGRE) VALUES (26, 77, 26, 27, 26, 0, 0, 5.80, 0);
INSERT INTO BLNC_CAMPEON.RESUMEN (ID_RESUMEN, ID_CAMPEON, ID_BAN, ID_RIVAL, ID_BUILD, RESULTADO, TORRES_DESTRUIDAS, KDA, PRIMERA_SANGRE) VALUES (27, 55, 27, 28, 27, 1, 2, 9.00, 1);
INSERT INTO BLNC_CAMPEON.RESUMEN (ID_RESUMEN, ID_CAMPEON, ID_BAN, ID_RIVAL, ID_BUILD, RESULTADO, TORRES_DESTRUIDAS, KDA, PRIMERA_SANGRE) VALUES (28, 14, 28, 29, 28, 0, 1, 3.10, 0);
INSERT INTO BLNC_CAMPEON.RESUMEN (ID_RESUMEN, ID_CAMPEON, ID_BAN, ID_RIVAL, ID_BUILD, RESULTADO, TORRES_DESTRUIDAS, KDA, PRIMERA_SANGRE) VALUES (29, 116, 29, 30, 29, 1, 8, 17.75, 1);
INSERT INTO BLNC_CAMPEON.RESUMEN (ID_RESUMEN, ID_CAMPEON, ID_BAN, ID_RIVAL, ID_BUILD, RESULTADO, TORRES_DESTRUIDAS, KDA, PRIMERA_SANGRE) VALUES (30, 37, 30, 31, 30, 0, 3, 6.90, 0);
INSERT INTO BLNC_CAMPEON.RESUMEN (ID_RESUMEN, ID_CAMPEON, ID_BAN, ID_RIVAL, ID_BUILD, RESULTADO, TORRES_DESTRUIDAS, KDA, PRIMERA_SANGRE) VALUES (31, 69, 31, 32, 31, 1, 4, 11.60, 1);
INSERT INTO BLNC_CAMPEON.RESUMEN (ID_RESUMEN, ID_CAMPEON, ID_BAN, ID_RIVAL, ID_BUILD, RESULTADO, TORRES_DESTRUIDAS, KDA, PRIMERA_SANGRE) VALUES (32, 23, 32, 33, 32, 0, 1, 2.50, 0);
INSERT INTO BLNC_CAMPEON.RESUMEN (ID_RESUMEN, ID_CAMPEON, ID_BAN, ID_RIVAL, ID_BUILD, RESULTADO, TORRES_DESTRUIDAS, KDA, PRIMERA_SANGRE) VALUES (33, 84, 33, 34, 33, 1, 6, 14.00, 1);
INSERT INTO BLNC_CAMPEON.RESUMEN (ID_RESUMEN, ID_CAMPEON, ID_BAN, ID_RIVAL, ID_BUILD, RESULTADO, TORRES_DESTRUIDAS, KDA, PRIMERA_SANGRE) VALUES (34, 90, 34, 35, 34, 0, 2, 4.30, 0);
INSERT INTO BLNC_CAMPEON.RESUMEN (ID_RESUMEN, ID_CAMPEON, ID_BAN, ID_RIVAL, ID_BUILD, RESULTADO, TORRES_DESTRUIDAS, KDA, PRIMERA_SANGRE) VALUES (35, 16, 35, 36, 35, 1, 7, 17.50, 1);
INSERT INTO BLNC_CAMPEON.RESUMEN (ID_RESUMEN, ID_CAMPEON, ID_BAN, ID_RIVAL, ID_BUILD, RESULTADO, TORRES_DESTRUIDAS, KDA, PRIMERA_SANGRE) VALUES (36, 61, 36, 37, 36, 0, 1, 5.20, 0);
INSERT INTO BLNC_CAMPEON.RESUMEN (ID_RESUMEN, ID_CAMPEON, ID_BAN, ID_RIVAL, ID_BUILD, RESULTADO, TORRES_DESTRUIDAS, KDA, PRIMERA_SANGRE) VALUES (37, 122, 37, 38, 37, 1, 3, 9.40, 1);
INSERT INTO BLNC_CAMPEON.RESUMEN (ID_RESUMEN, ID_CAMPEON, ID_BAN, ID_RIVAL, ID_BUILD, RESULTADO, TORRES_DESTRUIDAS, KDA, PRIMERA_SANGRE) VALUES (38, 41, 38, 39, 38, 0, 2, 6.10, 0);
INSERT INTO BLNC_CAMPEON.RESUMEN (ID_RESUMEN, ID_CAMPEON, ID_BAN, ID_RIVAL, ID_BUILD, RESULTADO, TORRES_DESTRUIDAS, KDA, PRIMERA_SANGRE) VALUES (39, 5, 39, 40, 39, 1, 5, 11.70, 1);
INSERT INTO BLNC_CAMPEON.RESUMEN (ID_RESUMEN, ID_CAMPEON, ID_BAN, ID_RIVAL, ID_BUILD, RESULTADO, TORRES_DESTRUIDAS, KDA, PRIMERA_SANGRE) VALUES (40, 95, 40, 41, 40, 0, 0, 2.40, 0);
INSERT INTO BLNC_CAMPEON.RESUMEN (ID_RESUMEN, ID_CAMPEON, ID_BAN, ID_RIVAL, ID_BUILD, RESULTADO, TORRES_DESTRUIDAS, KDA, PRIMERA_SANGRE) VALUES (41, 57, 41, 42, 41, 1, 6, 14.60, 1);
INSERT INTO BLNC_CAMPEON.RESUMEN (ID_RESUMEN, ID_CAMPEON, ID_BAN, ID_RIVAL, ID_BUILD, RESULTADO, TORRES_DESTRUIDAS, KDA, PRIMERA_SANGRE) VALUES (42, 58, 42, 43, 42, 0, 1, 3.70, 0);
INSERT INTO BLNC_CAMPEON.RESUMEN (ID_RESUMEN, ID_CAMPEON, ID_BAN, ID_RIVAL, ID_BUILD, RESULTADO, TORRES_DESTRUIDAS, KDA, PRIMERA_SANGRE) VALUES (43, 11, 43, 44, 43, 1, 4, 9.50, 1);
INSERT INTO BLNC_CAMPEON.RESUMEN (ID_RESUMEN, ID_CAMPEON, ID_BAN, ID_RIVAL, ID_BUILD, RESULTADO, TORRES_DESTRUIDAS, KDA, PRIMERA_SANGRE) VALUES (44, 96, 44, 45, 44, 0, 0, 2.70, 0);
INSERT INTO BLNC_CAMPEON.RESUMEN (ID_RESUMEN, ID_CAMPEON, ID_BAN, ID_RIVAL, ID_BUILD, RESULTADO, TORRES_DESTRUIDAS, KDA, PRIMERA_SANGRE) VALUES (45, 66, 45, 46, 45, 1, 3, 7.80, 1);
INSERT INTO BLNC_CAMPEON.RESUMEN (ID_RESUMEN, ID_CAMPEON, ID_BAN, ID_RIVAL, ID_BUILD, RESULTADO, TORRES_DESTRUIDAS, KDA, PRIMERA_SANGRE) VALUES (46, 43, 46, 47, 46, 0, 2, 5.90, 0);
INSERT INTO BLNC_CAMPEON.RESUMEN (ID_RESUMEN, ID_CAMPEON, ID_BAN, ID_RIVAL, ID_BUILD, RESULTADO, TORRES_DESTRUIDAS, KDA, PRIMERA_SANGRE) VALUES (47, 39, 47, 48, 47, 1, 7, 12.50, 1);
INSERT INTO BLNC_CAMPEON.RESUMEN (ID_RESUMEN, ID_CAMPEON, ID_BAN, ID_RIVAL, ID_BUILD, RESULTADO, TORRES_DESTRUIDAS, KDA, PRIMERA_SANGRE) VALUES (48, 33, 48, 49, 48, 0, 2, 4.90, 0);
INSERT INTO BLNC_CAMPEON.RESUMEN (ID_RESUMEN, ID_CAMPEON, ID_BAN, ID_RIVAL, ID_BUILD, RESULTADO, TORRES_DESTRUIDAS, KDA, PRIMERA_SANGRE) VALUES (49, 101, 49, 50, 49, 1, 8, 16.40, 1);
INSERT INTO BLNC_CAMPEON.RESUMEN (ID_RESUMEN, ID_CAMPEON, ID_BAN, ID_RIVAL, ID_BUILD, RESULTADO, TORRES_DESTRUIDAS, KDA, PRIMERA_SANGRE) VALUES (50, 115, 50, 51, 50, 0, 3, 6.80, 0);
INSERT INTO BLNC_CAMPEON.RESUMEN (ID_RESUMEN, ID_CAMPEON, ID_BAN, ID_RIVAL, ID_BUILD, RESULTADO, TORRES_DESTRUIDAS, KDA, PRIMERA_SANGRE) VALUES (51, 99, 1, 52, 51, 1, 6, 15.00, 1);
INSERT INTO BLNC_CAMPEON.RESUMEN (ID_RESUMEN, ID_CAMPEON, ID_BAN, ID_RIVAL, ID_BUILD, RESULTADO, TORRES_DESTRUIDAS, KDA, PRIMERA_SANGRE) VALUES (52, 88, 2, 53, 52, 0, 2, 4.60, 0);
INSERT INTO BLNC_CAMPEON.RESUMEN (ID_RESUMEN, ID_CAMPEON, ID_BAN, ID_RIVAL, ID_BUILD, RESULTADO, TORRES_DESTRUIDAS, KDA, PRIMERA_SANGRE) VALUES (53, 54, 3, 50, 53, 1, 7, 12.20, 1);
INSERT INTO BLNC_CAMPEON.RESUMEN (ID_RESUMEN, ID_CAMPEON, ID_BAN, ID_RIVAL, ID_BUILD, RESULTADO, TORRES_DESTRUIDAS, KDA, PRIMERA_SANGRE) VALUES (54, 86, 4, 55, 54, 0, 3, 6.50, 0);
INSERT INTO BLNC_CAMPEON.RESUMEN (ID_RESUMEN, ID_CAMPEON, ID_BAN, ID_RIVAL, ID_BUILD, RESULTADO, TORRES_DESTRUIDAS, KDA, PRIMERA_SANGRE) VALUES (55, 29, 5, 56, 55, 1, 8, 14.80, 1);
INSERT INTO BLNC_CAMPEON.RESUMEN (ID_RESUMEN, ID_CAMPEON, ID_BAN, ID_RIVAL, ID_BUILD, RESULTADO, TORRES_DESTRUIDAS, KDA, PRIMERA_SANGRE) VALUES (56, 60, 6, 57, 56, 0, 1, 3.90, 0);
INSERT INTO BLNC_CAMPEON.RESUMEN (ID_RESUMEN, ID_CAMPEON, ID_BAN, ID_RIVAL, ID_BUILD, RESULTADO, TORRES_DESTRUIDAS, KDA, PRIMERA_SANGRE) VALUES (57, 75, 7, 58, 57, 1, 4, 10.10, 1);
INSERT INTO BLNC_CAMPEON.RESUMEN (ID_RESUMEN, ID_CAMPEON, ID_BAN, ID_RIVAL, ID_BUILD, RESULTADO, TORRES_DESTRUIDAS, KDA, PRIMERA_SANGRE) VALUES (58, 95, 8, 59, 58, 0, 0, 2.00, 0);
INSERT INTO BLNC_CAMPEON.RESUMEN (ID_RESUMEN, ID_CAMPEON, ID_BAN, ID_RIVAL, ID_BUILD, RESULTADO, TORRES_DESTRUIDAS, KDA, PRIMERA_SANGRE) VALUES (59, 41, 9, 60, 59, 1, 6, 13.50, 1);
INSERT INTO BLNC_CAMPEON.RESUMEN (ID_RESUMEN, ID_CAMPEON, ID_BAN, ID_RIVAL, ID_BUILD, RESULTADO, TORRES_DESTRUIDAS, KDA, PRIMERA_SANGRE) VALUES (60, 19, 10, 61, 60, 0, 1, 3.20, 0);
INSERT INTO BLNC_CAMPEON.RESUMEN (ID_RESUMEN, ID_CAMPEON, ID_BAN, ID_RIVAL, ID_BUILD, RESULTADO, TORRES_DESTRUIDAS, KDA, PRIMERA_SANGRE) VALUES (61, 44, 11, 62, 61, 1, 3, 8.30, 1);
INSERT INTO BLNC_CAMPEON.RESUMEN (ID_RESUMEN, ID_CAMPEON, ID_BAN, ID_RIVAL, ID_BUILD, RESULTADO, TORRES_DESTRUIDAS, KDA, PRIMERA_SANGRE) VALUES (62, 12, 15, 63, 62, 0, 2, 4.50, 0);
INSERT INTO BLNC_CAMPEON.RESUMEN (ID_RESUMEN, ID_CAMPEON, ID_BAN, ID_RIVAL, ID_BUILD, RESULTADO, TORRES_DESTRUIDAS, KDA, PRIMERA_SANGRE) VALUES (63, 3, 13, 64, 63, 1, 5, 11.00, 1);
INSERT INTO BLNC_CAMPEON.RESUMEN (ID_RESUMEN, ID_CAMPEON, ID_BAN, ID_RIVAL, ID_BUILD, RESULTADO, TORRES_DESTRUIDAS, KDA, PRIMERA_SANGRE) VALUES (64, 100, 14, 65, 64, 0, 2, 5.10, 0);
INSERT INTO BLNC_CAMPEON.RESUMEN (ID_RESUMEN, ID_CAMPEON, ID_BAN, ID_RIVAL, ID_BUILD, RESULTADO, TORRES_DESTRUIDAS, KDA, PRIMERA_SANGRE) VALUES (65, 80, 15, 66, 65, 1, 7, 14.20, 1);
INSERT INTO BLNC_CAMPEON.RESUMEN (ID_RESUMEN, ID_CAMPEON, ID_BAN, ID_RIVAL, ID_BUILD, RESULTADO, TORRES_DESTRUIDAS, KDA, PRIMERA_SANGRE) VALUES (66, 15, 16, 67, 66, 0, 0, 2.60, 0);
INSERT INTO BLNC_CAMPEON.RESUMEN (ID_RESUMEN, ID_CAMPEON, ID_BAN, ID_RIVAL, ID_BUILD, RESULTADO, TORRES_DESTRUIDAS, KDA, PRIMERA_SANGRE) VALUES (67, 28, 17, 68, 67, 1, 4, 9.00, 1);
INSERT INTO BLNC_CAMPEON.RESUMEN (ID_RESUMEN, ID_CAMPEON, ID_BAN, ID_RIVAL, ID_BUILD, RESULTADO, TORRES_DESTRUIDAS, KDA, PRIMERA_SANGRE) VALUES (68, 46, 18, 69, 68, 0, 1, 3.80, 0);
INSERT INTO BLNC_CAMPEON.RESUMEN (ID_RESUMEN, ID_CAMPEON, ID_BAN, ID_RIVAL, ID_BUILD, RESULTADO, TORRES_DESTRUIDAS, KDA, PRIMERA_SANGRE) VALUES (69, 7, 19, 70, 69, 1, 2, 8.10, 1);
INSERT INTO BLNC_CAMPEON.RESUMEN (ID_RESUMEN, ID_CAMPEON, ID_BAN, ID_RIVAL, ID_BUILD, RESULTADO, TORRES_DESTRUIDAS, KDA, PRIMERA_SANGRE) VALUES (70, 70, 20, 71, 70, 0, 3, 6.70, 0);
INSERT INTO BLNC_CAMPEON.RESUMEN (ID_RESUMEN, ID_CAMPEON, ID_BAN, ID_RIVAL, ID_BUILD, RESULTADO, TORRES_DESTRUIDAS, KDA, PRIMERA_SANGRE) VALUES (71, 38, 21, 72, 71, 1, 6, 15.10, 1);
INSERT INTO BLNC_CAMPEON.RESUMEN (ID_RESUMEN, ID_CAMPEON, ID_BAN, ID_RIVAL, ID_BUILD, RESULTADO, TORRES_DESTRUIDAS, KDA, PRIMERA_SANGRE) VALUES (72, 91, 22, 73, 72, 0, 0, 2.20, 0);
INSERT INTO BLNC_CAMPEON.RESUMEN (ID_RESUMEN, ID_CAMPEON, ID_BAN, ID_RIVAL, ID_BUILD, RESULTADO, TORRES_DESTRUIDAS, KDA, PRIMERA_SANGRE) VALUES (73, 27, 23, 74, 73, 1, 5, 12.70, 1);
INSERT INTO BLNC_CAMPEON.RESUMEN (ID_RESUMEN, ID_CAMPEON, ID_BAN, ID_RIVAL, ID_BUILD, RESULTADO, TORRES_DESTRUIDAS, KDA, PRIMERA_SANGRE) VALUES (74, 22, 24, 75, 74, 0, 4, 7.90, 0);
INSERT INTO BLNC_CAMPEON.RESUMEN (ID_RESUMEN, ID_CAMPEON, ID_BAN, ID_RIVAL, ID_BUILD, RESULTADO, TORRES_DESTRUIDAS, KDA, PRIMERA_SANGRE) VALUES (75, 10, 25, 76, 75, 1, 3, 9.50, 1);
INSERT INTO BLNC_CAMPEON.RESUMEN (ID_RESUMEN, ID_CAMPEON, ID_BAN, ID_RIVAL, ID_BUILD, RESULTADO, TORRES_DESTRUIDAS, KDA, PRIMERA_SANGRE) VALUES (76, 34, 26, 77, 76, 0, 1, 3.00, 0);
INSERT INTO BLNC_CAMPEON.RESUMEN (ID_RESUMEN, ID_CAMPEON, ID_BAN, ID_RIVAL, ID_BUILD, RESULTADO, TORRES_DESTRUIDAS, KDA, PRIMERA_SANGRE) VALUES (77, 16, 27, 78, 77, 1, 5, 11.80, 1);
INSERT INTO BLNC_CAMPEON.RESUMEN (ID_RESUMEN, ID_CAMPEON, ID_BAN, ID_RIVAL, ID_BUILD, RESULTADO, TORRES_DESTRUIDAS, KDA, PRIMERA_SANGRE) VALUES (78, 74, 28, 79, 78, 0, 2, 4.20, 0);
INSERT INTO BLNC_CAMPEON.RESUMEN (ID_RESUMEN, ID_CAMPEON, ID_BAN, ID_RIVAL, ID_BUILD, RESULTADO, TORRES_DESTRUIDAS, KDA, PRIMERA_SANGRE) VALUES (79, 8, 29, 80, 79, 1, 6, 14.50, 1);
INSERT INTO BLNC_CAMPEON.RESUMEN (ID_RESUMEN, ID_CAMPEON, ID_BAN, ID_RIVAL, ID_BUILD, RESULTADO, TORRES_DESTRUIDAS, KDA, PRIMERA_SANGRE) VALUES (80, 1, 30, 81, 80, 0, 1, 3.30, 0);
INSERT INTO BLNC_CAMPEON.RESUMEN (ID_RESUMEN, ID_CAMPEON, ID_BAN, ID_RIVAL, ID_BUILD, RESULTADO, TORRES_DESTRUIDAS, KDA, PRIMERA_SANGRE) VALUES (81, 72, 31, 82, 81, 1, 7, 15.00, 1);
INSERT INTO BLNC_CAMPEON.RESUMEN (ID_RESUMEN, ID_CAMPEON, ID_BAN, ID_RIVAL, ID_BUILD, RESULTADO, TORRES_DESTRUIDAS, KDA, PRIMERA_SANGRE) VALUES (82, 63, 32, 83, 82, 0, 2, 4.80, 0);
INSERT INTO BLNC_CAMPEON.RESUMEN (ID_RESUMEN, ID_CAMPEON, ID_BAN, ID_RIVAL, ID_BUILD, RESULTADO, TORRES_DESTRUIDAS, KDA, PRIMERA_SANGRE) VALUES (83, 36, 33, 84, 83, 1, 5, 10.40, 1);
INSERT INTO BLNC_CAMPEON.RESUMEN (ID_RESUMEN, ID_CAMPEON, ID_BAN, ID_RIVAL, ID_BUILD, RESULTADO, TORRES_DESTRUIDAS, KDA, PRIMERA_SANGRE) VALUES (84, 5, 34, 85, 84, 0, 1, 3.50, 0);
INSERT INTO BLNC_CAMPEON.RESUMEN (ID_RESUMEN, ID_CAMPEON, ID_BAN, ID_RIVAL, ID_BUILD, RESULTADO, TORRES_DESTRUIDAS, KDA, PRIMERA_SANGRE) VALUES (85, 39, 35, 86, 85, 1, 8, 16.00, 1);
INSERT INTO BLNC_CAMPEON.RESUMEN (ID_RESUMEN, ID_CAMPEON, ID_BAN, ID_RIVAL, ID_BUILD, RESULTADO, TORRES_DESTRUIDAS, KDA, PRIMERA_SANGRE) VALUES (86, 31, 36, 87, 86, 0, 0, 2.80, 0);
INSERT INTO BLNC_CAMPEON.RESUMEN (ID_RESUMEN, ID_CAMPEON, ID_BAN, ID_RIVAL, ID_BUILD, RESULTADO, TORRES_DESTRUIDAS, KDA, PRIMERA_SANGRE) VALUES (87, 48, 37, 88, 87, 1, 4, 9.60, 1);
INSERT INTO BLNC_CAMPEON.RESUMEN (ID_RESUMEN, ID_CAMPEON, ID_BAN, ID_RIVAL, ID_BUILD, RESULTADO, TORRES_DESTRUIDAS, KDA, PRIMERA_SANGRE) VALUES (88, 90, 38, 89, 88, 0, 3, 7.10, 0);
INSERT INTO BLNC_CAMPEON.RESUMEN (ID_RESUMEN, ID_CAMPEON, ID_BAN, ID_RIVAL, ID_BUILD, RESULTADO, TORRES_DESTRUIDAS, KDA, PRIMERA_SANGRE) VALUES (89, 65, 39, 90, 89, 1, 6, 14.20, 1);
INSERT INTO BLNC_CAMPEON.RESUMEN (ID_RESUMEN, ID_CAMPEON, ID_BAN, ID_RIVAL, ID_BUILD, RESULTADO, TORRES_DESTRUIDAS, KDA, PRIMERA_SANGRE) VALUES (90, 94, 40, 91, 90, 0, 2, 4.30, 0);
INSERT INTO BLNC_CAMPEON.RESUMEN (ID_RESUMEN, ID_CAMPEON, ID_BAN, ID_RIVAL, ID_BUILD, RESULTADO, TORRES_DESTRUIDAS, KDA, PRIMERA_SANGRE) VALUES (91, 4, 41, 92, 91, 1, 5, 11.50, 1);
INSERT INTO BLNC_CAMPEON.RESUMEN (ID_RESUMEN, ID_CAMPEON, ID_BAN, ID_RIVAL, ID_BUILD, RESULTADO, TORRES_DESTRUIDAS, KDA, PRIMERA_SANGRE) VALUES (92, 11, 42, 93, 92, 0, 1, 3.60, 0);
INSERT INTO BLNC_CAMPEON.RESUMEN (ID_RESUMEN, ID_CAMPEON, ID_BAN, ID_RIVAL, ID_BUILD, RESULTADO, TORRES_DESTRUIDAS, KDA, PRIMERA_SANGRE) VALUES (93, 76, 43, 94, 93, 1, 3, 10.20, 1);
INSERT INTO BLNC_CAMPEON.RESUMEN (ID_RESUMEN, ID_CAMPEON, ID_BAN, ID_RIVAL, ID_BUILD, RESULTADO, TORRES_DESTRUIDAS, KDA, PRIMERA_SANGRE) VALUES (94, 33, 44, 95, 94, 0, 2, 4.90, 0);
INSERT INTO BLNC_CAMPEON.RESUMEN (ID_RESUMEN, ID_CAMPEON, ID_BAN, ID_RIVAL, ID_BUILD, RESULTADO, TORRES_DESTRUIDAS, KDA, PRIMERA_SANGRE) VALUES (95, 45, 40, 96, 95, 1, 6, 13.70, 1);
INSERT INTO BLNC_CAMPEON.RESUMEN (ID_RESUMEN, ID_CAMPEON, ID_BAN, ID_RIVAL, ID_BUILD, RESULTADO, TORRES_DESTRUIDAS, KDA, PRIMERA_SANGRE) VALUES (96, 59, 46, 97, 96, 0, 1, 2.80, 0);
INSERT INTO BLNC_CAMPEON.RESUMEN (ID_RESUMEN, ID_CAMPEON, ID_BAN, ID_RIVAL, ID_BUILD, RESULTADO, TORRES_DESTRUIDAS, KDA, PRIMERA_SANGRE) VALUES (97, 13, 47, 98, 97, 1, 4, 9.80, 1);
INSERT INTO BLNC_CAMPEON.RESUMEN (ID_RESUMEN, ID_CAMPEON, ID_BAN, ID_RIVAL, ID_BUILD, RESULTADO, TORRES_DESTRUIDAS, KDA, PRIMERA_SANGRE) VALUES (98, 50, 48, 99, 98, 0, 0, 2.50, 0);
INSERT INTO BLNC_CAMPEON.RESUMEN (ID_RESUMEN, ID_CAMPEON, ID_BAN, ID_RIVAL, ID_BUILD, RESULTADO, TORRES_DESTRUIDAS, KDA, PRIMERA_SANGRE) VALUES (99, 79, 49, 100, 99, 1, 5, 11.00, 1);
INSERT INTO BLNC_CAMPEON.RESUMEN (ID_RESUMEN, ID_CAMPEON, ID_BAN, ID_RIVAL, ID_BUILD, RESULTADO, TORRES_DESTRUIDAS, KDA, PRIMERA_SANGRE) VALUES (100, 20, 50, 101, 100, 0, 2, 3.40, 0);
INSERT INTO BLNC_CAMPEON.RESUMEN (ID_RESUMEN, ID_CAMPEON, ID_BAN, ID_RIVAL, ID_BUILD, RESULTADO, TORRES_DESTRUIDAS, KDA, PRIMERA_SANGRE) VALUES (101, 132, 51, 102, 101, 1, 5, 12.50, 1);
INSERT INTO BLNC_CAMPEON.RESUMEN (ID_RESUMEN, ID_CAMPEON, ID_BAN, ID_RIVAL, ID_BUILD, RESULTADO, TORRES_DESTRUIDAS, KDA, PRIMERA_SANGRE) VALUES (102, 113, 52, 103, 102, 0, 3, 4.70, 0);
INSERT INTO BLNC_CAMPEON.RESUMEN (ID_RESUMEN, ID_CAMPEON, ID_BAN, ID_RIVAL, ID_BUILD, RESULTADO, TORRES_DESTRUIDAS, KDA, PRIMERA_SANGRE) VALUES (103, 6, 53, 104, 103, 1, 6, 15.20, 1);
INSERT INTO BLNC_CAMPEON.RESUMEN (ID_RESUMEN, ID_CAMPEON, ID_BAN, ID_RIVAL, ID_BUILD, RESULTADO, TORRES_DESTRUIDAS, KDA, PRIMERA_SANGRE) VALUES (104, 139, 54, 105, 104, 0, 2, 3.80, 0);
INSERT INTO BLNC_CAMPEON.RESUMEN (ID_RESUMEN, ID_CAMPEON, ID_BAN, ID_RIVAL, ID_BUILD, RESULTADO, TORRES_DESTRUIDAS, KDA, PRIMERA_SANGRE) VALUES (105, 71, 55, 106, 105, 1, 4, 10.90, 1);
INSERT INTO BLNC_CAMPEON.RESUMEN (ID_RESUMEN, ID_CAMPEON, ID_BAN, ID_RIVAL, ID_BUILD, RESULTADO, TORRES_DESTRUIDAS, KDA, PRIMERA_SANGRE) VALUES (106, 52, 56, 107, 106, 0, 1, 2.90, 0);
INSERT INTO BLNC_CAMPEON.RESUMEN (ID_RESUMEN, ID_CAMPEON, ID_BAN, ID_RIVAL, ID_BUILD, RESULTADO, TORRES_DESTRUIDAS, KDA, PRIMERA_SANGRE) VALUES (107, 38, 57, 108, 107, 1, 7, 14.40, 1);
INSERT INTO BLNC_CAMPEON.RESUMEN (ID_RESUMEN, ID_CAMPEON, ID_BAN, ID_RIVAL, ID_BUILD, RESULTADO, TORRES_DESTRUIDAS, KDA, PRIMERA_SANGRE) VALUES (108, 26, 58, 109, 108, 0, 3, 5.50, 0);
INSERT INTO BLNC_CAMPEON.RESUMEN (ID_RESUMEN, ID_CAMPEON, ID_BAN, ID_RIVAL, ID_BUILD, RESULTADO, TORRES_DESTRUIDAS, KDA, PRIMERA_SANGRE) VALUES (109, 142, 59, 110, 109, 1, 6, 13.70, 1);
INSERT INTO BLNC_CAMPEON.RESUMEN (ID_RESUMEN, ID_CAMPEON, ID_BAN, ID_RIVAL, ID_BUILD, RESULTADO, TORRES_DESTRUIDAS, KDA, PRIMERA_SANGRE) VALUES (110, 23, 60, 111, 110, 0, 2, 3.40, 0);
INSERT INTO BLNC_CAMPEON.RESUMEN (ID_RESUMEN, ID_CAMPEON, ID_BAN, ID_RIVAL, ID_BUILD, RESULTADO, TORRES_DESTRUIDAS, KDA, PRIMERA_SANGRE) VALUES (111, 46, 61, 112, 111, 1, 3, 9.20, 1);
INSERT INTO BLNC_CAMPEON.RESUMEN (ID_RESUMEN, ID_CAMPEON, ID_BAN, ID_RIVAL, ID_BUILD, RESULTADO, TORRES_DESTRUIDAS, KDA, PRIMERA_SANGRE) VALUES (112, 30, 62, 113, 112, 0, 1, 2.80, 0);
INSERT INTO BLNC_CAMPEON.RESUMEN (ID_RESUMEN, ID_CAMPEON, ID_BAN, ID_RIVAL, ID_BUILD, RESULTADO, TORRES_DESTRUIDAS, KDA, PRIMERA_SANGRE) VALUES (113, 67, 63, 114, 113, 1, 5, 11.30, 1);
INSERT INTO BLNC_CAMPEON.RESUMEN (ID_RESUMEN, ID_CAMPEON, ID_BAN, ID_RIVAL, ID_BUILD, RESULTADO, TORRES_DESTRUIDAS, KDA, PRIMERA_SANGRE) VALUES (114, 60, 64, 115, 114, 0, 2, 4.10, 0);
INSERT INTO BLNC_CAMPEON.RESUMEN (ID_RESUMEN, ID_CAMPEON, ID_BAN, ID_RIVAL, ID_BUILD, RESULTADO, TORRES_DESTRUIDAS, KDA, PRIMERA_SANGRE) VALUES (115, 84, 65, 116, 115, 1, 6, 14.80, 1);
INSERT INTO BLNC_CAMPEON.RESUMEN (ID_RESUMEN, ID_CAMPEON, ID_BAN, ID_RIVAL, ID_BUILD, RESULTADO, TORRES_DESTRUIDAS, KDA, PRIMERA_SANGRE) VALUES (116, 88, 66, 117, 116, 0, 3, 5.20, 0);
INSERT INTO BLNC_CAMPEON.RESUMEN (ID_RESUMEN, ID_CAMPEON, ID_BAN, ID_RIVAL, ID_BUILD, RESULTADO, TORRES_DESTRUIDAS, KDA, PRIMERA_SANGRE) VALUES (117, 134, 67, 118, 117, 1, 4, 10.00, 1);
INSERT INTO BLNC_CAMPEON.RESUMEN (ID_RESUMEN, ID_CAMPEON, ID_BAN, ID_RIVAL, ID_BUILD, RESULTADO, TORRES_DESTRUIDAS, KDA, PRIMERA_SANGRE) VALUES (118, 13, 68, 119, 118, 0, 2, 3.60, 0);
INSERT INTO BLNC_CAMPEON.RESUMEN (ID_RESUMEN, ID_CAMPEON, ID_BAN, ID_RIVAL, ID_BUILD, RESULTADO, TORRES_DESTRUIDAS, KDA, PRIMERA_SANGRE) VALUES (119, 86, 69, 120, 119, 1, 3, 10.20, 1);
INSERT INTO BLNC_CAMPEON.RESUMEN (ID_RESUMEN, ID_CAMPEON, ID_BAN, ID_RIVAL, ID_BUILD, RESULTADO, TORRES_DESTRUIDAS, KDA, PRIMERA_SANGRE) VALUES (120, 134, 70, 121, 120, 0, 2, 4.90, 0);
INSERT INTO BLNC_CAMPEON.RESUMEN (ID_RESUMEN, ID_CAMPEON, ID_BAN, ID_RIVAL, ID_BUILD, RESULTADO, TORRES_DESTRUIDAS, KDA, PRIMERA_SANGRE) VALUES (121, 71, 77, 122, 121, 1, 5, 12.40, 1);
INSERT INTO BLNC_CAMPEON.RESUMEN (ID_RESUMEN, ID_CAMPEON, ID_BAN, ID_RIVAL, ID_BUILD, RESULTADO, TORRES_DESTRUIDAS, KDA, PRIMERA_SANGRE) VALUES (122, 56, 72, 123, 122, 0, 1, 2.30, 0);
INSERT INTO BLNC_CAMPEON.RESUMEN (ID_RESUMEN, ID_CAMPEON, ID_BAN, ID_RIVAL, ID_BUILD, RESULTADO, TORRES_DESTRUIDAS, KDA, PRIMERA_SANGRE) VALUES (123, 114, 73, 124, 123, 1, 3, 8.90, 1);
INSERT INTO BLNC_CAMPEON.RESUMEN (ID_RESUMEN, ID_CAMPEON, ID_BAN, ID_RIVAL, ID_BUILD, RESULTADO, TORRES_DESTRUIDAS, KDA, PRIMERA_SANGRE) VALUES (124, 100, 74, 125, 124, 0, 2, 3.50, 0);
INSERT INTO BLNC_CAMPEON.RESUMEN (ID_RESUMEN, ID_CAMPEON, ID_BAN, ID_RIVAL, ID_BUILD, RESULTADO, TORRES_DESTRUIDAS, KDA, PRIMERA_SANGRE) VALUES (125, 75, 26, 126, 125, 1, 5, 11.80, 1);
INSERT INTO BLNC_CAMPEON.RESUMEN (ID_RESUMEN, ID_CAMPEON, ID_BAN, ID_RIVAL, ID_BUILD, RESULTADO, TORRES_DESTRUIDAS, KDA, PRIMERA_SANGRE) VALUES (126, 44, 76, 127, 126, 0, 1, 2.60, 0);
INSERT INTO BLNC_CAMPEON.RESUMEN (ID_RESUMEN, ID_CAMPEON, ID_BAN, ID_RIVAL, ID_BUILD, RESULTADO, TORRES_DESTRUIDAS, KDA, PRIMERA_SANGRE) VALUES (127, 12, 77, 128, 127, 1, 4, 9.50, 1);
INSERT INTO BLNC_CAMPEON.RESUMEN (ID_RESUMEN, ID_CAMPEON, ID_BAN, ID_RIVAL, ID_BUILD, RESULTADO, TORRES_DESTRUIDAS, KDA, PRIMERA_SANGRE) VALUES (128, 92, 78, 129, 128, 0, 2, 3.70, 0);
INSERT INTO BLNC_CAMPEON.RESUMEN (ID_RESUMEN, ID_CAMPEON, ID_BAN, ID_RIVAL, ID_BUILD, RESULTADO, TORRES_DESTRUIDAS, KDA, PRIMERA_SANGRE) VALUES (129, 81, 79, 130, 129, 1, 6, 14.00, 1);
INSERT INTO BLNC_CAMPEON.RESUMEN (ID_RESUMEN, ID_CAMPEON, ID_BAN, ID_RIVAL, ID_BUILD, RESULTADO, TORRES_DESTRUIDAS, KDA, PRIMERA_SANGRE) VALUES (130, 69, 80, 131, 130, 0, 3, 5.90, 0);
INSERT INTO BLNC_CAMPEON.RESUMEN (ID_RESUMEN, ID_CAMPEON, ID_BAN, ID_RIVAL, ID_BUILD, RESULTADO, TORRES_DESTRUIDAS, KDA, PRIMERA_SANGRE) VALUES (131, 97, 81, 132, 131, 1, 4, 10.50, 1);
INSERT INTO BLNC_CAMPEON.RESUMEN (ID_RESUMEN, ID_CAMPEON, ID_BAN, ID_RIVAL, ID_BUILD, RESULTADO, TORRES_DESTRUIDAS, KDA, PRIMERA_SANGRE) VALUES (132, 36, 82, 133, 132, 0, 2, 4.40, 0);
INSERT INTO BLNC_CAMPEON.RESUMEN (ID_RESUMEN, ID_CAMPEON, ID_BAN, ID_RIVAL, ID_BUILD, RESULTADO, TORRES_DESTRUIDAS, KDA, PRIMERA_SANGRE) VALUES (133, 70, 83, 134, 133, 1, 6, 15.60, 1);
INSERT INTO BLNC_CAMPEON.RESUMEN (ID_RESUMEN, ID_CAMPEON, ID_BAN, ID_RIVAL, ID_BUILD, RESULTADO, TORRES_DESTRUIDAS, KDA, PRIMERA_SANGRE) VALUES (134, 25, 84, 135, 134, 0, 2, 3.80, 0);
INSERT INTO BLNC_CAMPEON.RESUMEN (ID_RESUMEN, ID_CAMPEON, ID_BAN, ID_RIVAL, ID_BUILD, RESULTADO, TORRES_DESTRUIDAS, KDA, PRIMERA_SANGRE) VALUES (135, 117, 85, 136, 135, 1, 4, 11.20, 1);
INSERT INTO BLNC_CAMPEON.RESUMEN (ID_RESUMEN, ID_CAMPEON, ID_BAN, ID_RIVAL, ID_BUILD, RESULTADO, TORRES_DESTRUIDAS, KDA, PRIMERA_SANGRE) VALUES (136, 83, 86, 137, 136, 0, 3, 5.00, 0);
INSERT INTO BLNC_CAMPEON.RESUMEN (ID_RESUMEN, ID_CAMPEON, ID_BAN, ID_RIVAL, ID_BUILD, RESULTADO, TORRES_DESTRUIDAS, KDA, PRIMERA_SANGRE) VALUES (137, 24, 87, 138, 137, 1, 5, 10.80, 1);
INSERT INTO BLNC_CAMPEON.RESUMEN (ID_RESUMEN, ID_CAMPEON, ID_BAN, ID_RIVAL, ID_BUILD, RESULTADO, TORRES_DESTRUIDAS, KDA, PRIMERA_SANGRE) VALUES (138, 103, 88, 139, 138, 0, 2, 3.30, 0);
INSERT INTO BLNC_CAMPEON.RESUMEN (ID_RESUMEN, ID_CAMPEON, ID_BAN, ID_RIVAL, ID_BUILD, RESULTADO, TORRES_DESTRUIDAS, KDA, PRIMERA_SANGRE) VALUES (139, 14, 89, 140, 139, 1, 4, 12.60, 1);
INSERT INTO BLNC_CAMPEON.RESUMEN (ID_RESUMEN, ID_CAMPEON, ID_BAN, ID_RIVAL, ID_BUILD, RESULTADO, TORRES_DESTRUIDAS, KDA, PRIMERA_SANGRE) VALUES (140, 77, 90, 141, 140, 0, 1, 2.50, 0);
INSERT INTO BLNC_CAMPEON.RESUMEN (ID_RESUMEN, ID_CAMPEON, ID_BAN, ID_RIVAL, ID_BUILD, RESULTADO, TORRES_DESTRUIDAS, KDA, PRIMERA_SANGRE) VALUES (141, 16, 91, 142, 141, 1, 5, 12.90, 1);
INSERT INTO BLNC_CAMPEON.RESUMEN (ID_RESUMEN, ID_CAMPEON, ID_BAN, ID_RIVAL, ID_BUILD, RESULTADO, TORRES_DESTRUIDAS, KDA, PRIMERA_SANGRE) VALUES (142, 92, 90, 143, 142, 0, 2, 3.70, 0);
INSERT INTO BLNC_CAMPEON.RESUMEN (ID_RESUMEN, ID_CAMPEON, ID_BAN, ID_RIVAL, ID_BUILD, RESULTADO, TORRES_DESTRUIDAS, KDA, PRIMERA_SANGRE) VALUES (143, 45, 93, 144, 143, 1, 6, 14.60, 1);
INSERT INTO BLNC_CAMPEON.RESUMEN (ID_RESUMEN, ID_CAMPEON, ID_BAN, ID_RIVAL, ID_BUILD, RESULTADO, TORRES_DESTRUIDAS, KDA, PRIMERA_SANGRE) VALUES (144, 72, 94, 145, 144, 0, 3, 5.20, 0);
INSERT INTO BLNC_CAMPEON.RESUMEN (ID_RESUMEN, ID_CAMPEON, ID_BAN, ID_RIVAL, ID_BUILD, RESULTADO, TORRES_DESTRUIDAS, KDA, PRIMERA_SANGRE) VALUES (145, 15, 95, 146, 145, 1, 4, 11.40, 1);
INSERT INTO BLNC_CAMPEON.RESUMEN (ID_RESUMEN, ID_CAMPEON, ID_BAN, ID_RIVAL, ID_BUILD, RESULTADO, TORRES_DESTRUIDAS, KDA, PRIMERA_SANGRE) VALUES (146, 99, 96, 147, 146, 0, 2, 3.80, 0);
INSERT INTO BLNC_CAMPEON.RESUMEN (ID_RESUMEN, ID_CAMPEON, ID_BAN, ID_RIVAL, ID_BUILD, RESULTADO, TORRES_DESTRUIDAS, KDA, PRIMERA_SANGRE) VALUES (147, 8, 97, 148, 147, 1, 3, 10.50, 1);
INSERT INTO BLNC_CAMPEON.RESUMEN (ID_RESUMEN, ID_CAMPEON, ID_BAN, ID_RIVAL, ID_BUILD, RESULTADO, TORRES_DESTRUIDAS, KDA, PRIMERA_SANGRE) VALUES (148, 65, 98, 149, 148, 0, 1, 2.90, 0);
INSERT INTO BLNC_CAMPEON.RESUMEN (ID_RESUMEN, ID_CAMPEON, ID_BAN, ID_RIVAL, ID_BUILD, RESULTADO, TORRES_DESTRUIDAS, KDA, PRIMERA_SANGRE) VALUES (149, 129, 99, 150, 149, 1, 5, 13.10, 1);
INSERT INTO BLNC_CAMPEON.RESUMEN (ID_RESUMEN, ID_CAMPEON, ID_BAN, ID_RIVAL, ID_BUILD, RESULTADO, TORRES_DESTRUIDAS, KDA, PRIMERA_SANGRE) VALUES (150, 107, 100, 151, 150, 0, 2, 4.60, 0);
INSERT INTO BLNC_CAMPEON.RESUMEN (ID_RESUMEN, ID_CAMPEON, ID_BAN, ID_RIVAL, ID_BUILD, RESULTADO, TORRES_DESTRUIDAS, KDA, PRIMERA_SANGRE) VALUES (151, 43, 101, 152, 151, 1, 4, 10.80, 1);
INSERT INTO BLNC_CAMPEON.RESUMEN (ID_RESUMEN, ID_CAMPEON, ID_BAN, ID_RIVAL, ID_BUILD, RESULTADO, TORRES_DESTRUIDAS, KDA, PRIMERA_SANGRE) VALUES (152, 49, 102, 153, 152, 0, 3, 5.60, 0);
INSERT INTO BLNC_CAMPEON.RESUMEN (ID_RESUMEN, ID_CAMPEON, ID_BAN, ID_RIVAL, ID_BUILD, RESULTADO, TORRES_DESTRUIDAS, KDA, PRIMERA_SANGRE) VALUES (153, 110, 103, 154, 153, 1, 5, 12.20, 1);
INSERT INTO BLNC_CAMPEON.RESUMEN (ID_RESUMEN, ID_CAMPEON, ID_BAN, ID_RIVAL, ID_BUILD, RESULTADO, TORRES_DESTRUIDAS, KDA, PRIMERA_SANGRE) VALUES (154, 128, 104, 155, 154, 0, 2, 4.10, 0);
INSERT INTO BLNC_CAMPEON.RESUMEN (ID_RESUMEN, ID_CAMPEON, ID_BAN, ID_RIVAL, ID_BUILD, RESULTADO, TORRES_DESTRUIDAS, KDA, PRIMERA_SANGRE) VALUES (155, 73, 105, 156, 155, 1, 6, 14.30, 1);
INSERT INTO BLNC_CAMPEON.RESUMEN (ID_RESUMEN, ID_CAMPEON, ID_BAN, ID_RIVAL, ID_BUILD, RESULTADO, TORRES_DESTRUIDAS, KDA, PRIMERA_SANGRE) VALUES (156, 59, 106, 157, 156, 0, 1, 3.50, 0);
INSERT INTO BLNC_CAMPEON.RESUMEN (ID_RESUMEN, ID_CAMPEON, ID_BAN, ID_RIVAL, ID_BUILD, RESULTADO, TORRES_DESTRUIDAS, KDA, PRIMERA_SANGRE) VALUES (157, 78, 107, 158, 157, 1, 4, 11.70, 1);
INSERT INTO BLNC_CAMPEON.RESUMEN (ID_RESUMEN, ID_CAMPEON, ID_BAN, ID_RIVAL, ID_BUILD, RESULTADO, TORRES_DESTRUIDAS, KDA, PRIMERA_SANGRE) VALUES (158, 37, 108, 159, 158, 0, 2, 4.30, 0);
INSERT INTO BLNC_CAMPEON.RESUMEN (ID_RESUMEN, ID_CAMPEON, ID_BAN, ID_RIVAL, ID_BUILD, RESULTADO, TORRES_DESTRUIDAS, KDA, PRIMERA_SANGRE) VALUES (159, 27, 109, 160, 159, 1, 5, 12.80, 1);
INSERT INTO BLNC_CAMPEON.RESUMEN (ID_RESUMEN, ID_CAMPEON, ID_BAN, ID_RIVAL, ID_BUILD, RESULTADO, TORRES_DESTRUIDAS, KDA, PRIMERA_SANGRE) VALUES (160, 33, 110, 161, 160, 0, 3, 5.10, 0);
INSERT INTO BLNC_CAMPEON.RESUMEN (ID_RESUMEN, ID_CAMPEON, ID_BAN, ID_RIVAL, ID_BUILD, RESULTADO, TORRES_DESTRUIDAS, KDA, PRIMERA_SANGRE) VALUES (161, 82, 111, 162, 161, 1, 4, 10.90, 1);
INSERT INTO BLNC_CAMPEON.RESUMEN (ID_RESUMEN, ID_CAMPEON, ID_BAN, ID_RIVAL, ID_BUILD, RESULTADO, TORRES_DESTRUIDAS, KDA, PRIMERA_SANGRE) VALUES (162, 102, 112, 163, 162, 0, 2, 3.80, 0);
INSERT INTO BLNC_CAMPEON.RESUMEN (ID_RESUMEN, ID_CAMPEON, ID_BAN, ID_RIVAL, ID_BUILD, RESULTADO, TORRES_DESTRUIDAS, KDA, PRIMERA_SANGRE) VALUES (163, 150, 113, 163, 163, 1, 5, 13.40, 1);
INSERT INTO BLNC_CAMPEON.RESUMEN (ID_RESUMEN, ID_CAMPEON, ID_BAN, ID_RIVAL, ID_BUILD, RESULTADO, TORRES_DESTRUIDAS, KDA, PRIMERA_SANGRE) VALUES (164, 12, 114, 160, 164, 0, 2, 4.70, 0);
INSERT INTO BLNC_CAMPEON.RESUMEN (ID_RESUMEN, ID_CAMPEON, ID_BAN, ID_RIVAL, ID_BUILD, RESULTADO, TORRES_DESTRUIDAS, KDA, PRIMERA_SANGRE) VALUES (165, 74, 115, 66, 165, 1, 4, 11.00, 1);
INSERT INTO BLNC_CAMPEON.RESUMEN (ID_RESUMEN, ID_CAMPEON, ID_BAN, ID_RIVAL, ID_BUILD, RESULTADO, TORRES_DESTRUIDAS, KDA, PRIMERA_SANGRE) VALUES (166, 85, 116, 67, 166, 0, 1, 2.20, 0);
INSERT INTO BLNC_CAMPEON.RESUMEN (ID_RESUMEN, ID_CAMPEON, ID_BAN, ID_RIVAL, ID_BUILD, RESULTADO, TORRES_DESTRUIDAS, KDA, PRIMERA_SANGRE) VALUES (167, 39, 117, 68, 167, 1, 5, 12.50, 1);
INSERT INTO BLNC_CAMPEON.RESUMEN (ID_RESUMEN, ID_CAMPEON, ID_BAN, ID_RIVAL, ID_BUILD, RESULTADO, TORRES_DESTRUIDAS, KDA, PRIMERA_SANGRE) VALUES (168, 31, 118, 69, 168, 0, 2, 3.60, 0);
INSERT INTO BLNC_CAMPEON.RESUMEN (ID_RESUMEN, ID_CAMPEON, ID_BAN, ID_RIVAL, ID_BUILD, RESULTADO, TORRES_DESTRUIDAS, KDA, PRIMERA_SANGRE) VALUES (169, 96, 119, 70, 169, 1, 6, 14.10, 1);
INSERT INTO BLNC_CAMPEON.RESUMEN (ID_RESUMEN, ID_CAMPEON, ID_BAN, ID_RIVAL, ID_BUILD, RESULTADO, TORRES_DESTRUIDAS, KDA, PRIMERA_SANGRE) VALUES (170, 19, 120, 71, 170, 0, 3, 5.30, 0);
INSERT INTO BLNC_CAMPEON.RESUMEN (ID_RESUMEN, ID_CAMPEON, ID_BAN, ID_RIVAL, ID_BUILD, RESULTADO, TORRES_DESTRUIDAS, KDA, PRIMERA_SANGRE) VALUES (171, 71, 121, 72, 171, 1, 4, 10.20, 1);
INSERT INTO BLNC_CAMPEON.RESUMEN (ID_RESUMEN, ID_CAMPEON, ID_BAN, ID_RIVAL, ID_BUILD, RESULTADO, TORRES_DESTRUIDAS, KDA, PRIMERA_SANGRE) VALUES (172, 4, 122, 73, 172, 0, 2, 3.90, 0);
INSERT INTO BLNC_CAMPEON.RESUMEN (ID_RESUMEN, ID_CAMPEON, ID_BAN, ID_RIVAL, ID_BUILD, RESULTADO, TORRES_DESTRUIDAS, KDA, PRIMERA_SANGRE) VALUES (173, 88, 123, 74, 173, 1, 5, 11.80, 1);
INSERT INTO BLNC_CAMPEON.RESUMEN (ID_RESUMEN, ID_CAMPEON, ID_BAN, ID_RIVAL, ID_BUILD, RESULTADO, TORRES_DESTRUIDAS, KDA, PRIMERA_SANGRE) VALUES (174, 60, 124, 75, 174, 0, 2, 4.60, 0);
INSERT INTO BLNC_CAMPEON.RESUMEN (ID_RESUMEN, ID_CAMPEON, ID_BAN, ID_RIVAL, ID_BUILD, RESULTADO, TORRES_DESTRUIDAS, KDA, PRIMERA_SANGRE) VALUES (175, 80, 125, 76, 175, 1, 4, 12.70, 1);
INSERT INTO BLNC_CAMPEON.RESUMEN (ID_RESUMEN, ID_CAMPEON, ID_BAN, ID_RIVAL, ID_BUILD, RESULTADO, TORRES_DESTRUIDAS, KDA, PRIMERA_SANGRE) VALUES (176, 86, 126, 77, 176, 0, 1, 2.30, 0);
INSERT INTO BLNC_CAMPEON.RESUMEN (ID_RESUMEN, ID_CAMPEON, ID_BAN, ID_RIVAL, ID_BUILD, RESULTADO, TORRES_DESTRUIDAS, KDA, PRIMERA_SANGRE) VALUES (177, 91, 127, 78, 177, 1, 3, 9.50, 1);
INSERT INTO BLNC_CAMPEON.RESUMEN (ID_RESUMEN, ID_CAMPEON, ID_BAN, ID_RIVAL, ID_BUILD, RESULTADO, TORRES_DESTRUIDAS, KDA, PRIMERA_SANGRE) VALUES (178, 117, 128, 79, 178, 0, 2, 3.20, 0);
INSERT INTO BLNC_CAMPEON.RESUMEN (ID_RESUMEN, ID_CAMPEON, ID_BAN, ID_RIVAL, ID_BUILD, RESULTADO, TORRES_DESTRUIDAS, KDA, PRIMERA_SANGRE) VALUES (179, 107, 129, 80, 179, 1, 5, 13.90, 1);
INSERT INTO BLNC_CAMPEON.RESUMEN (ID_RESUMEN, ID_CAMPEON, ID_BAN, ID_RIVAL, ID_BUILD, RESULTADO, TORRES_DESTRUIDAS, KDA, PRIMERA_SANGRE) VALUES (180, 66, 130, 81, 180, 0, 3, 5.00, 0);
INSERT INTO BLNC_CAMPEON.RESUMEN (ID_RESUMEN, ID_CAMPEON, ID_BAN, ID_RIVAL, ID_BUILD, RESULTADO, TORRES_DESTRUIDAS, KDA, PRIMERA_SANGRE) VALUES (181, 49, 131, 82, 181, 1, 4, 11.50, 1);
INSERT INTO BLNC_CAMPEON.RESUMEN (ID_RESUMEN, ID_CAMPEON, ID_BAN, ID_RIVAL, ID_BUILD, RESULTADO, TORRES_DESTRUIDAS, KDA, PRIMERA_SANGRE) VALUES (182, 25, 132, 83, 182, 0, 2, 4.20, 0);
INSERT INTO BLNC_CAMPEON.RESUMEN (ID_RESUMEN, ID_CAMPEON, ID_BAN, ID_RIVAL, ID_BUILD, RESULTADO, TORRES_DESTRUIDAS, KDA, PRIMERA_SANGRE) VALUES (183, 39, 133, 84, 183, 1, 5, 12.60, 1);
INSERT INTO BLNC_CAMPEON.RESUMEN (ID_RESUMEN, ID_CAMPEON, ID_BAN, ID_RIVAL, ID_BUILD, RESULTADO, TORRES_DESTRUIDAS, KDA, PRIMERA_SANGRE) VALUES (184, 69, 134, 85, 184, 0, 3, 5.70, 0);
INSERT INTO BLNC_CAMPEON.RESUMEN (ID_RESUMEN, ID_CAMPEON, ID_BAN, ID_RIVAL, ID_BUILD, RESULTADO, TORRES_DESTRUIDAS, KDA, PRIMERA_SANGRE) VALUES (185, 93, 135, 86, 185, 1, 6, 14.80, 1);
INSERT INTO BLNC_CAMPEON.RESUMEN (ID_RESUMEN, ID_CAMPEON, ID_BAN, ID_RIVAL, ID_BUILD, RESULTADO, TORRES_DESTRUIDAS, KDA, PRIMERA_SANGRE) VALUES (186, 64, 136, 87, 186, 0, 2, 4.50, 0);
INSERT INTO BLNC_CAMPEON.RESUMEN (ID_RESUMEN, ID_CAMPEON, ID_BAN, ID_RIVAL, ID_BUILD, RESULTADO, TORRES_DESTRUIDAS, KDA, PRIMERA_SANGRE) VALUES (187, 22, 137, 88, 187, 1, 4, 10.00, 1);
INSERT INTO BLNC_CAMPEON.RESUMEN (ID_RESUMEN, ID_CAMPEON, ID_BAN, ID_RIVAL, ID_BUILD, RESULTADO, TORRES_DESTRUIDAS, KDA, PRIMERA_SANGRE) VALUES (188, 115, 138, 89, 188, 0, 3, 4.00, 0);
INSERT INTO BLNC_CAMPEON.RESUMEN (ID_RESUMEN, ID_CAMPEON, ID_BAN, ID_RIVAL, ID_BUILD, RESULTADO, TORRES_DESTRUIDAS, KDA, PRIMERA_SANGRE) VALUES (189, 134, 139, 90, 189, 1, 5, 12.40, 1);
INSERT INTO BLNC_CAMPEON.RESUMEN (ID_RESUMEN, ID_CAMPEON, ID_BAN, ID_RIVAL, ID_BUILD, RESULTADO, TORRES_DESTRUIDAS, KDA, PRIMERA_SANGRE) VALUES (190, 45, 140, 91, 190, 0, 2, 3.80, 0);
INSERT INTO BLNC_CAMPEON.RESUMEN (ID_RESUMEN, ID_CAMPEON, ID_BAN, ID_RIVAL, ID_BUILD, RESULTADO, TORRES_DESTRUIDAS, KDA, PRIMERA_SANGRE) VALUES (191, 33, 141, 92, 191, 1, 4, 10.40, 1);
INSERT INTO BLNC_CAMPEON.RESUMEN (ID_RESUMEN, ID_CAMPEON, ID_BAN, ID_RIVAL, ID_BUILD, RESULTADO, TORRES_DESTRUIDAS, KDA, PRIMERA_SANGRE) VALUES (192, 66, 142, 93, 192, 0, 3, 5.20, 0);
INSERT INTO BLNC_CAMPEON.RESUMEN (ID_RESUMEN, ID_CAMPEON, ID_BAN, ID_RIVAL, ID_BUILD, RESULTADO, TORRES_DESTRUIDAS, KDA, PRIMERA_SANGRE) VALUES (193, 99, 143, 94, 193, 1, 5, 14.20, 1);
INSERT INTO BLNC_CAMPEON.RESUMEN (ID_RESUMEN, ID_CAMPEON, ID_BAN, ID_RIVAL, ID_BUILD, RESULTADO, TORRES_DESTRUIDAS, KDA, PRIMERA_SANGRE) VALUES (194, 52, 144, 95, 194, 0, 2, 4.80, 0);
INSERT INTO BLNC_CAMPEON.RESUMEN (ID_RESUMEN, ID_CAMPEON, ID_BAN, ID_RIVAL, ID_BUILD, RESULTADO, TORRES_DESTRUIDAS, KDA, PRIMERA_SANGRE) VALUES (195, 109, 145, 96, 195, 1, 6, 13.90, 1);
INSERT INTO BLNC_CAMPEON.RESUMEN (ID_RESUMEN, ID_CAMPEON, ID_BAN, ID_RIVAL, ID_BUILD, RESULTADO, TORRES_DESTRUIDAS, KDA, PRIMERA_SANGRE) VALUES (196, 57, 146, 97, 196, 0, 2, 4.50, 0);
INSERT INTO BLNC_CAMPEON.RESUMEN (ID_RESUMEN, ID_CAMPEON, ID_BAN, ID_RIVAL, ID_BUILD, RESULTADO, TORRES_DESTRUIDAS, KDA, PRIMERA_SANGRE) VALUES (197, 127, 147, 98, 197, 1, 5, 12.90, 1);
INSERT INTO BLNC_CAMPEON.RESUMEN (ID_RESUMEN, ID_CAMPEON, ID_BAN, ID_RIVAL, ID_BUILD, RESULTADO, TORRES_DESTRUIDAS, KDA, PRIMERA_SANGRE) VALUES (198, 67, 148, 99, 198, 0, 3, 5.60, 0);
INSERT INTO BLNC_CAMPEON.RESUMEN (ID_RESUMEN, ID_CAMPEON, ID_BAN, ID_RIVAL, ID_BUILD, RESULTADO, TORRES_DESTRUIDAS, KDA, PRIMERA_SANGRE) VALUES (199, 11, 149, 100, 199, 1, 4, 11.10, 1);
INSERT INTO BLNC_CAMPEON.RESUMEN (ID_RESUMEN, ID_CAMPEON, ID_BAN, ID_RIVAL, ID_BUILD, RESULTADO, TORRES_DESTRUIDAS, KDA, PRIMERA_SANGRE) VALUES (200, 124, 150, 101, 200, 0, 2, 4.20, 0);
INSERT INTO BLNC_CAMPEON.RESUMEN (ID_RESUMEN, ID_CAMPEON, ID_BAN, ID_RIVAL, ID_BUILD, RESULTADO, TORRES_DESTRUIDAS, KDA, PRIMERA_SANGRE) VALUES (201, 37, 100, 150, 201, 1, 5, 10.50, 1);
INSERT INTO BLNC_CAMPEON.RESUMEN (ID_RESUMEN, ID_CAMPEON, ID_BAN, ID_RIVAL, ID_BUILD, RESULTADO, TORRES_DESTRUIDAS, KDA, PRIMERA_SANGRE) VALUES (202, 21, 101, 151, 202, 0, 2, 3.40, 0);
INSERT INTO BLNC_CAMPEON.RESUMEN (ID_RESUMEN, ID_CAMPEON, ID_BAN, ID_RIVAL, ID_BUILD, RESULTADO, TORRES_DESTRUIDAS, KDA, PRIMERA_SANGRE) VALUES (203, 127, 102, 152, 203, 1, 6, 12.70, 1);
INSERT INTO BLNC_CAMPEON.RESUMEN (ID_RESUMEN, ID_CAMPEON, ID_BAN, ID_RIVAL, ID_BUILD, RESULTADO, TORRES_DESTRUIDAS, KDA, PRIMERA_SANGRE) VALUES (204, 132, 103, 153, 204, 0, 3, 4.20, 0);
INSERT INTO BLNC_CAMPEON.RESUMEN (ID_RESUMEN, ID_CAMPEON, ID_BAN, ID_RIVAL, ID_BUILD, RESULTADO, TORRES_DESTRUIDAS, KDA, PRIMERA_SANGRE) VALUES (205, 117, 104, 154, 205, 1, 5, 11.90, 1);
INSERT INTO BLNC_CAMPEON.RESUMEN (ID_RESUMEN, ID_CAMPEON, ID_BAN, ID_RIVAL, ID_BUILD, RESULTADO, TORRES_DESTRUIDAS, KDA, PRIMERA_SANGRE) VALUES (206, 45, 105, 155, 206, 0, 1, 2.70, 0);
INSERT INTO BLNC_CAMPEON.RESUMEN (ID_RESUMEN, ID_CAMPEON, ID_BAN, ID_RIVAL, ID_BUILD, RESULTADO, TORRES_DESTRUIDAS, KDA, PRIMERA_SANGRE) VALUES (207, 139, 106, 156, 207, 1, 4, 9.80, 1);
INSERT INTO BLNC_CAMPEON.RESUMEN (ID_RESUMEN, ID_CAMPEON, ID_BAN, ID_RIVAL, ID_BUILD, RESULTADO, TORRES_DESTRUIDAS, KDA, PRIMERA_SANGRE) VALUES (208, 105, 107, 157, 208, 0, 3, 5.30, 0);
INSERT INTO BLNC_CAMPEON.RESUMEN (ID_RESUMEN, ID_CAMPEON, ID_BAN, ID_RIVAL, ID_BUILD, RESULTADO, TORRES_DESTRUIDAS, KDA, PRIMERA_SANGRE) VALUES (209, 82, 108, 158, 209, 1, 5, 13.20, 1);
INSERT INTO BLNC_CAMPEON.RESUMEN (ID_RESUMEN, ID_CAMPEON, ID_BAN, ID_RIVAL, ID_BUILD, RESULTADO, TORRES_DESTRUIDAS, KDA, PRIMERA_SANGRE) VALUES (210, 75, 109, 159, 210, 0, 2, 4.80, 0);
INSERT INTO BLNC_CAMPEON.RESUMEN (ID_RESUMEN, ID_CAMPEON, ID_BAN, ID_RIVAL, ID_BUILD, RESULTADO, TORRES_DESTRUIDAS, KDA, PRIMERA_SANGRE) VALUES (211, 61, 110, 160, 211, 1, 6, 14.00, 1);
INSERT INTO BLNC_CAMPEON.RESUMEN (ID_RESUMEN, ID_CAMPEON, ID_BAN, ID_RIVAL, ID_BUILD, RESULTADO, TORRES_DESTRUIDAS, KDA, PRIMERA_SANGRE) VALUES (212, 15, 111, 161, 212, 0, 1, 2.50, 0);
INSERT INTO BLNC_CAMPEON.RESUMEN (ID_RESUMEN, ID_CAMPEON, ID_BAN, ID_RIVAL, ID_BUILD, RESULTADO, TORRES_DESTRUIDAS, KDA, PRIMERA_SANGRE) VALUES (213, 88, 112, 162, 213, 1, 4, 10.80, 1);
INSERT INTO BLNC_CAMPEON.RESUMEN (ID_RESUMEN, ID_CAMPEON, ID_BAN, ID_RIVAL, ID_BUILD, RESULTADO, TORRES_DESTRUIDAS, KDA, PRIMERA_SANGRE) VALUES (214, 7, 113, 163, 214, 0, 2, 3.20, 0);
INSERT INTO BLNC_CAMPEON.RESUMEN (ID_RESUMEN, ID_CAMPEON, ID_BAN, ID_RIVAL, ID_BUILD, RESULTADO, TORRES_DESTRUIDAS, KDA, PRIMERA_SANGRE) VALUES (215, 65, 114, 150, 215, 1, 5, 12.30, 1);
INSERT INTO BLNC_CAMPEON.RESUMEN (ID_RESUMEN, ID_CAMPEON, ID_BAN, ID_RIVAL, ID_BUILD, RESULTADO, TORRES_DESTRUIDAS, KDA, PRIMERA_SANGRE) VALUES (216, 11, 115, 151, 216, 0, 1, 2.90, 0);
INSERT INTO BLNC_CAMPEON.RESUMEN (ID_RESUMEN, ID_CAMPEON, ID_BAN, ID_RIVAL, ID_BUILD, RESULTADO, TORRES_DESTRUIDAS, KDA, PRIMERA_SANGRE) VALUES (217, 132, 116, 152, 217, 1, 5, 11.50, 1);
INSERT INTO BLNC_CAMPEON.RESUMEN (ID_RESUMEN, ID_CAMPEON, ID_BAN, ID_RIVAL, ID_BUILD, RESULTADO, TORRES_DESTRUIDAS, KDA, PRIMERA_SANGRE) VALUES (218, 22, 117, 153, 218, 0, 2, 4.10, 0);
INSERT INTO BLNC_CAMPEON.RESUMEN (ID_RESUMEN, ID_CAMPEON, ID_BAN, ID_RIVAL, ID_BUILD, RESULTADO, TORRES_DESTRUIDAS, KDA, PRIMERA_SANGRE) VALUES (219, 92, 118, 154, 219, 1, 6, 12.90, 1);
INSERT INTO BLNC_CAMPEON.RESUMEN (ID_RESUMEN, ID_CAMPEON, ID_BAN, ID_RIVAL, ID_BUILD, RESULTADO, TORRES_DESTRUIDAS, KDA, PRIMERA_SANGRE) VALUES (220, 86, 119, 155, 220, 0, 3, 5.30, 0);
INSERT INTO BLNC_CAMPEON.RESUMEN (ID_RESUMEN, ID_CAMPEON, ID_BAN, ID_RIVAL, ID_BUILD, RESULTADO, TORRES_DESTRUIDAS, KDA, PRIMERA_SANGRE) VALUES (221, 139, 120, 156, 221, 1, 4, 10.00, 1);
INSERT INTO BLNC_CAMPEON.RESUMEN (ID_RESUMEN, ID_CAMPEON, ID_BAN, ID_RIVAL, ID_BUILD, RESULTADO, TORRES_DESTRUIDAS, KDA, PRIMERA_SANGRE) VALUES (222, 125, 121, 157, 222, 0, 2, 3.60, 0);
INSERT INTO BLNC_CAMPEON.RESUMEN (ID_RESUMEN, ID_CAMPEON, ID_BAN, ID_RIVAL, ID_BUILD, RESULTADO, TORRES_DESTRUIDAS, KDA, PRIMERA_SANGRE) VALUES (223, 112, 122, 158, 223, 1, 5, 11.70, 1);
INSERT INTO BLNC_CAMPEON.RESUMEN (ID_RESUMEN, ID_CAMPEON, ID_BAN, ID_RIVAL, ID_BUILD, RESULTADO, TORRES_DESTRUIDAS, KDA, PRIMERA_SANGRE) VALUES (224, 104, 123, 159, 224, 0, 3, 4.80, 0);
INSERT INTO BLNC_CAMPEON.RESUMEN (ID_RESUMEN, ID_CAMPEON, ID_BAN, ID_RIVAL, ID_BUILD, RESULTADO, TORRES_DESTRUIDAS, KDA, PRIMERA_SANGRE) VALUES (225, 59, 124, 160, 225, 1, 6, 13.80, 1);
INSERT INTO BLNC_CAMPEON.RESUMEN (ID_RESUMEN, ID_CAMPEON, ID_BAN, ID_RIVAL, ID_BUILD, RESULTADO, TORRES_DESTRUIDAS, KDA, PRIMERA_SANGRE) VALUES (226, 35, 125, 161, 226, 0, 2, 4.50, 0);
INSERT INTO BLNC_CAMPEON.RESUMEN (ID_RESUMEN, ID_CAMPEON, ID_BAN, ID_RIVAL, ID_BUILD, RESULTADO, TORRES_DESTRUIDAS, KDA, PRIMERA_SANGRE) VALUES (227, 137, 126, 162, 227, 1, 5, 11.20, 1);
INSERT INTO BLNC_CAMPEON.RESUMEN (ID_RESUMEN, ID_CAMPEON, ID_BAN, ID_RIVAL, ID_BUILD, RESULTADO, TORRES_DESTRUIDAS, KDA, PRIMERA_SANGRE) VALUES (228, 44, 127, 163, 228, 0, 1, 2.60, 0);
INSERT INTO BLNC_CAMPEON.RESUMEN (ID_RESUMEN, ID_CAMPEON, ID_BAN, ID_RIVAL, ID_BUILD, RESULTADO, TORRES_DESTRUIDAS, KDA, PRIMERA_SANGRE) VALUES (229, 105, 128, 150, 229, 1, 4, 10.70, 1);
INSERT INTO BLNC_CAMPEON.RESUMEN (ID_RESUMEN, ID_CAMPEON, ID_BAN, ID_RIVAL, ID_BUILD, RESULTADO, TORRES_DESTRUIDAS, KDA, PRIMERA_SANGRE) VALUES (230, 133, 129, 151, 230, 0, 3, 5.90, 0);
INSERT INTO BLNC_CAMPEON.RESUMEN (ID_RESUMEN, ID_CAMPEON, ID_BAN, ID_RIVAL, ID_BUILD, RESULTADO, TORRES_DESTRUIDAS, KDA, PRIMERA_SANGRE) VALUES (231, 8, 130, 152, 231, 1, 6, 12.00, 1);
INSERT INTO BLNC_CAMPEON.RESUMEN (ID_RESUMEN, ID_CAMPEON, ID_BAN, ID_RIVAL, ID_BUILD, RESULTADO, TORRES_DESTRUIDAS, KDA, PRIMERA_SANGRE) VALUES (232, 129, 131, 153, 232, 0, 2, 4.40, 0);
INSERT INTO BLNC_CAMPEON.RESUMEN (ID_RESUMEN, ID_CAMPEON, ID_BAN, ID_RIVAL, ID_BUILD, RESULTADO, TORRES_DESTRUIDAS, KDA, PRIMERA_SANGRE) VALUES (233, 129, 132, 154, 233, 1, 5, 11.60, 1);
INSERT INTO BLNC_CAMPEON.RESUMEN (ID_RESUMEN, ID_CAMPEON, ID_BAN, ID_RIVAL, ID_BUILD, RESULTADO, TORRES_DESTRUIDAS, KDA, PRIMERA_SANGRE) VALUES (234, 104, 133, 155, 234, 0, 3, 4.80, 0);
INSERT INTO BLNC_CAMPEON.RESUMEN (ID_RESUMEN, ID_CAMPEON, ID_BAN, ID_RIVAL, ID_BUILD, RESULTADO, TORRES_DESTRUIDAS, KDA, PRIMERA_SANGRE) VALUES (235, 87, 134, 156, 235, 1, 4, 10.00, 1);
INSERT INTO BLNC_CAMPEON.RESUMEN (ID_RESUMEN, ID_CAMPEON, ID_BAN, ID_RIVAL, ID_BUILD, RESULTADO, TORRES_DESTRUIDAS, KDA, PRIMERA_SANGRE) VALUES (236, 38, 135, 157, 236, 0, 1, 2.90, 0);
INSERT INTO BLNC_CAMPEON.RESUMEN (ID_RESUMEN, ID_CAMPEON, ID_BAN, ID_RIVAL, ID_BUILD, RESULTADO, TORRES_DESTRUIDAS, KDA, PRIMERA_SANGRE) VALUES (237, 49, 136, 158, 237, 1, 5, 11.20, 1);
INSERT INTO BLNC_CAMPEON.RESUMEN (ID_RESUMEN, ID_CAMPEON, ID_BAN, ID_RIVAL, ID_BUILD, RESULTADO, TORRES_DESTRUIDAS, KDA, PRIMERA_SANGRE) VALUES (238, 80, 137, 159, 238, 0, 3, 5.00, 0);
INSERT INTO BLNC_CAMPEON.RESUMEN (ID_RESUMEN, ID_CAMPEON, ID_BAN, ID_RIVAL, ID_BUILD, RESULTADO, TORRES_DESTRUIDAS, KDA, PRIMERA_SANGRE) VALUES (239, 135, 138, 160, 239, 1, 6, 12.50, 1);
INSERT INTO BLNC_CAMPEON.RESUMEN (ID_RESUMEN, ID_CAMPEON, ID_BAN, ID_RIVAL, ID_BUILD, RESULTADO, TORRES_DESTRUIDAS, KDA, PRIMERA_SANGRE) VALUES (240, 118, 139, 161, 240, 0, 2, 4.30, 0);
INSERT INTO BLNC_CAMPEON.RESUMEN (ID_RESUMEN, ID_CAMPEON, ID_BAN, ID_RIVAL, ID_BUILD, RESULTADO, TORRES_DESTRUIDAS, KDA, PRIMERA_SANGRE) VALUES (241, 60, 140, 162, 241, 1, 5, 11.80, 1);
INSERT INTO BLNC_CAMPEON.RESUMEN (ID_RESUMEN, ID_CAMPEON, ID_BAN, ID_RIVAL, ID_BUILD, RESULTADO, TORRES_DESTRUIDAS, KDA, PRIMERA_SANGRE) VALUES (242, 72, 141, 163, 242, 0, 2, 4.00, 0);
INSERT INTO BLNC_CAMPEON.RESUMEN (ID_RESUMEN, ID_CAMPEON, ID_BAN, ID_RIVAL, ID_BUILD, RESULTADO, TORRES_DESTRUIDAS, KDA, PRIMERA_SANGRE) VALUES (243, 100, 142, 150, 243, 1, 5, 12.60, 1);
INSERT INTO BLNC_CAMPEON.RESUMEN (ID_RESUMEN, ID_CAMPEON, ID_BAN, ID_RIVAL, ID_BUILD, RESULTADO, TORRES_DESTRUIDAS, KDA, PRIMERA_SANGRE) VALUES (244, 51, 143, 151, 244, 0, 3, 5.10, 0);
INSERT INTO BLNC_CAMPEON.RESUMEN (ID_RESUMEN, ID_CAMPEON, ID_BAN, ID_RIVAL, ID_BUILD, RESULTADO, TORRES_DESTRUIDAS, KDA, PRIMERA_SANGRE) VALUES (245, 23, 144, 152, 245, 1, 6, 13.10, 1);
INSERT INTO BLNC_CAMPEON.RESUMEN (ID_RESUMEN, ID_CAMPEON, ID_BAN, ID_RIVAL, ID_BUILD, RESULTADO, TORRES_DESTRUIDAS, KDA, PRIMERA_SANGRE) VALUES (246, 130, 145, 153, 246, 0, 1, 2.80, 0);
INSERT INTO BLNC_CAMPEON.RESUMEN (ID_RESUMEN, ID_CAMPEON, ID_BAN, ID_RIVAL, ID_BUILD, RESULTADO, TORRES_DESTRUIDAS, KDA, PRIMERA_SANGRE) VALUES (247, 112, 146, 154, 247, 1, 5, 11.50, 1);
INSERT INTO BLNC_CAMPEON.RESUMEN (ID_RESUMEN, ID_CAMPEON, ID_BAN, ID_RIVAL, ID_BUILD, RESULTADO, TORRES_DESTRUIDAS, KDA, PRIMERA_SANGRE) VALUES (248, 118, 147, 155, 248, 0, 2, 4.10, 0);
INSERT INTO BLNC_CAMPEON.RESUMEN (ID_RESUMEN, ID_CAMPEON, ID_BAN, ID_RIVAL, ID_BUILD, RESULTADO, TORRES_DESTRUIDAS, KDA, PRIMERA_SANGRE) VALUES (249, 33, 148, 156, 249, 1, 6, 12.90, 1);
INSERT INTO BLNC_CAMPEON.RESUMEN (ID_RESUMEN, ID_CAMPEON, ID_BAN, ID_RIVAL, ID_BUILD, RESULTADO, TORRES_DESTRUIDAS, KDA, PRIMERA_SANGRE) VALUES (250, 68, 149, 157, 250, 0, 3, 5.30, 0);
INSERT INTO BLNC_CAMPEON.RESUMEN (ID_RESUMEN, ID_CAMPEON, ID_BAN, ID_RIVAL, ID_BUILD, RESULTADO, TORRES_DESTRUIDAS, KDA, PRIMERA_SANGRE) VALUES (251, 37, 150, 158, 251, 1, 5, 11.70, 1);
INSERT INTO BLNC_CAMPEON.RESUMEN (ID_RESUMEN, ID_CAMPEON, ID_BAN, ID_RIVAL, ID_BUILD, RESULTADO, TORRES_DESTRUIDAS, KDA, PRIMERA_SANGRE) VALUES (252, 21, 151, 159, 252, 0, 3, 4.80, 0);
INSERT INTO BLNC_CAMPEON.RESUMEN (ID_RESUMEN, ID_CAMPEON, ID_BAN, ID_RIVAL, ID_BUILD, RESULTADO, TORRES_DESTRUIDAS, KDA, PRIMERA_SANGRE) VALUES (253, 127, 152, 160, 253, 1, 6, 13.80, 1);
INSERT INTO BLNC_CAMPEON.RESUMEN (ID_RESUMEN, ID_CAMPEON, ID_BAN, ID_RIVAL, ID_BUILD, RESULTADO, TORRES_DESTRUIDAS, KDA, PRIMERA_SANGRE) VALUES (254, 132, 153, 161, 254, 0, 2, 4.50, 0);
INSERT INTO BLNC_CAMPEON.RESUMEN (ID_RESUMEN, ID_CAMPEON, ID_BAN, ID_RIVAL, ID_BUILD, RESULTADO, TORRES_DESTRUIDAS, KDA, PRIMERA_SANGRE) VALUES (255, 117, 154, 162, 255, 1, 5, 11.20, 1);
INSERT INTO BLNC_CAMPEON.RESUMEN (ID_RESUMEN, ID_CAMPEON, ID_BAN, ID_RIVAL, ID_BUILD, RESULTADO, TORRES_DESTRUIDAS, KDA, PRIMERA_SANGRE) VALUES (256, 45, 155, 163, 256, 0, 1, 2.60, 0);
INSERT INTO BLNC_CAMPEON.RESUMEN (ID_RESUMEN, ID_CAMPEON, ID_BAN, ID_RIVAL, ID_BUILD, RESULTADO, TORRES_DESTRUIDAS, KDA, PRIMERA_SANGRE) VALUES (257, 139, 156, 150, 257, 1, 4, 10.70, 1);
INSERT INTO BLNC_CAMPEON.RESUMEN (ID_RESUMEN, ID_CAMPEON, ID_BAN, ID_RIVAL, ID_BUILD, RESULTADO, TORRES_DESTRUIDAS, KDA, PRIMERA_SANGRE) VALUES (258, 105, 157, 151, 258, 0, 3, 5.90, 0);
INSERT INTO BLNC_CAMPEON.RESUMEN (ID_RESUMEN, ID_CAMPEON, ID_BAN, ID_RIVAL, ID_BUILD, RESULTADO, TORRES_DESTRUIDAS, KDA, PRIMERA_SANGRE) VALUES (259, 82, 158, 152, 259, 1, 6, 12.00, 1);
INSERT INTO BLNC_CAMPEON.RESUMEN (ID_RESUMEN, ID_CAMPEON, ID_BAN, ID_RIVAL, ID_BUILD, RESULTADO, TORRES_DESTRUIDAS, KDA, PRIMERA_SANGRE) VALUES (260, 75, 159, 153, 260, 0, 2, 4.40, 0);
INSERT INTO BLNC_CAMPEON.RESUMEN (ID_RESUMEN, ID_CAMPEON, ID_BAN, ID_RIVAL, ID_BUILD, RESULTADO, TORRES_DESTRUIDAS, KDA, PRIMERA_SANGRE) VALUES (261, 61, 160, 154, 261, 1, 5, 11.60, 1);
INSERT INTO BLNC_CAMPEON.RESUMEN (ID_RESUMEN, ID_CAMPEON, ID_BAN, ID_RIVAL, ID_BUILD, RESULTADO, TORRES_DESTRUIDAS, KDA, PRIMERA_SANGRE) VALUES (262, 15, 161, 155, 262, 0, 1, 2.90, 0);
INSERT INTO BLNC_CAMPEON.RESUMEN (ID_RESUMEN, ID_CAMPEON, ID_BAN, ID_RIVAL, ID_BUILD, RESULTADO, TORRES_DESTRUIDAS, KDA, PRIMERA_SANGRE) VALUES (263, 88, 162, 156, 263, 1, 6, 12.50, 1);
INSERT INTO BLNC_CAMPEON.RESUMEN (ID_RESUMEN, ID_CAMPEON, ID_BAN, ID_RIVAL, ID_BUILD, RESULTADO, TORRES_DESTRUIDAS, KDA, PRIMERA_SANGRE) VALUES (264, 7, 163, 157, 264, 0, 3, 5.30, 0);
INSERT INTO BLNC_CAMPEON.RESUMEN (ID_RESUMEN, ID_CAMPEON, ID_BAN, ID_RIVAL, ID_BUILD, RESULTADO, TORRES_DESTRUIDAS, KDA, PRIMERA_SANGRE) VALUES (265, 65, 162, 158, 265, 1, 4, 10.00, 1);
INSERT INTO BLNC_CAMPEON.RESUMEN (ID_RESUMEN, ID_CAMPEON, ID_BAN, ID_RIVAL, ID_BUILD, RESULTADO, TORRES_DESTRUIDAS, KDA, PRIMERA_SANGRE) VALUES (266, 11, 161, 159, 266, 0, 2, 4.80, 0);
INSERT INTO BLNC_CAMPEON.RESUMEN (ID_RESUMEN, ID_CAMPEON, ID_BAN, ID_RIVAL, ID_BUILD, RESULTADO, TORRES_DESTRUIDAS, KDA, PRIMERA_SANGRE) VALUES (267, 132, 161, 160, 267, 1, 5, 11.30, 1);
INSERT INTO BLNC_CAMPEON.RESUMEN (ID_RESUMEN, ID_CAMPEON, ID_BAN, ID_RIVAL, ID_BUILD, RESULTADO, TORRES_DESTRUIDAS, KDA, PRIMERA_SANGRE) VALUES (268, 22, 159, 161, 268, 0, 1, 2.60, 0);
INSERT INTO BLNC_CAMPEON.RESUMEN (ID_RESUMEN, ID_CAMPEON, ID_BAN, ID_RIVAL, ID_BUILD, RESULTADO, TORRES_DESTRUIDAS, KDA, PRIMERA_SANGRE) VALUES (269, 142, 158, 162, 269, 1, 4, 10.80, 1);
INSERT INTO BLNC_CAMPEON.RESUMEN (ID_RESUMEN, ID_CAMPEON, ID_BAN, ID_RIVAL, ID_BUILD, RESULTADO, TORRES_DESTRUIDAS, KDA, PRIMERA_SANGRE) VALUES (270, 140, 157, 163, 270, 0, 3, 5.40, 0);
INSERT INTO BLNC_CAMPEON.RESUMEN (ID_RESUMEN, ID_CAMPEON, ID_BAN, ID_RIVAL, ID_BUILD, RESULTADO, TORRES_DESTRUIDAS, KDA, PRIMERA_SANGRE) VALUES (271, 73, 156, 150, 271, 1, 5, 11.90, 1);
INSERT INTO BLNC_CAMPEON.RESUMEN (ID_RESUMEN, ID_CAMPEON, ID_BAN, ID_RIVAL, ID_BUILD, RESULTADO, TORRES_DESTRUIDAS, KDA, PRIMERA_SANGRE) VALUES (272, 115, 155, 151, 272, 0, 2, 4.30, 0);
INSERT INTO BLNC_CAMPEON.RESUMEN (ID_RESUMEN, ID_CAMPEON, ID_BAN, ID_RIVAL, ID_BUILD, RESULTADO, TORRES_DESTRUIDAS, KDA, PRIMERA_SANGRE) VALUES (273, 93, 154, 152, 273, 1, 6, 12.80, 1);
INSERT INTO BLNC_CAMPEON.RESUMEN (ID_RESUMEN, ID_CAMPEON, ID_BAN, ID_RIVAL, ID_BUILD, RESULTADO, TORRES_DESTRUIDAS, KDA, PRIMERA_SANGRE) VALUES (274, 99, 153, 150, 274, 0, 2, 4.60, 0);
INSERT INTO BLNC_CAMPEON.RESUMEN (ID_RESUMEN, ID_CAMPEON, ID_BAN, ID_RIVAL, ID_BUILD, RESULTADO, TORRES_DESTRUIDAS, KDA, PRIMERA_SANGRE) VALUES (275, 12, 152, 154, 275, 1, 4, 10.50, 1);
INSERT INTO BLNC_CAMPEON.RESUMEN (ID_RESUMEN, ID_CAMPEON, ID_BAN, ID_RIVAL, ID_BUILD, RESULTADO, TORRES_DESTRUIDAS, KDA, PRIMERA_SANGRE) VALUES (276, 132, 151, 155, 276, 0, 3, 5.30, 0);
INSERT INTO BLNC_CAMPEON.RESUMEN (ID_RESUMEN, ID_CAMPEON, ID_BAN, ID_RIVAL, ID_BUILD, RESULTADO, TORRES_DESTRUIDAS, KDA, PRIMERA_SANGRE) VALUES (277, 84, 150, 156, 277, 1, 5, 11.50, 1);
INSERT INTO BLNC_CAMPEON.RESUMEN (ID_RESUMEN, ID_CAMPEON, ID_BAN, ID_RIVAL, ID_BUILD, RESULTADO, TORRES_DESTRUIDAS, KDA, PRIMERA_SANGRE) VALUES (278, 120, 149, 157, 278, 0, 1, 2.90, 0);
INSERT INTO BLNC_CAMPEON.RESUMEN (ID_RESUMEN, ID_CAMPEON, ID_BAN, ID_RIVAL, ID_BUILD, RESULTADO, TORRES_DESTRUIDAS, KDA, PRIMERA_SANGRE) VALUES (279, 118, 148, 158, 279, 1, 4, 10.00, 1);
INSERT INTO BLNC_CAMPEON.RESUMEN (ID_RESUMEN, ID_CAMPEON, ID_BAN, ID_RIVAL, ID_BUILD, RESULTADO, TORRES_DESTRUIDAS, KDA, PRIMERA_SANGRE) VALUES (280, 90, 147, 159, 280, 0, 3, 5.00, 0);
INSERT INTO BLNC_CAMPEON.RESUMEN (ID_RESUMEN, ID_CAMPEON, ID_BAN, ID_RIVAL, ID_BUILD, RESULTADO, TORRES_DESTRUIDAS, KDA, PRIMERA_SANGRE) VALUES (281, 104, 146, 160, 281, 1, 6, 12.90, 1);
INSERT INTO BLNC_CAMPEON.RESUMEN (ID_RESUMEN, ID_CAMPEON, ID_BAN, ID_RIVAL, ID_BUILD, RESULTADO, TORRES_DESTRUIDAS, KDA, PRIMERA_SANGRE) VALUES (282, 105, 145, 161, 282, 0, 2, 4.30, 0);
INSERT INTO BLNC_CAMPEON.RESUMEN (ID_RESUMEN, ID_CAMPEON, ID_BAN, ID_RIVAL, ID_BUILD, RESULTADO, TORRES_DESTRUIDAS, KDA, PRIMERA_SANGRE) VALUES (283, 66, 144, 162, 283, 1, 5, 11.70, 1);
INSERT INTO BLNC_CAMPEON.RESUMEN (ID_RESUMEN, ID_CAMPEON, ID_BAN, ID_RIVAL, ID_BUILD, RESULTADO, TORRES_DESTRUIDAS, KDA, PRIMERA_SANGRE) VALUES (284, 67, 143, 163, 284, 0, 3, 5.10, 0);
INSERT INTO BLNC_CAMPEON.RESUMEN (ID_RESUMEN, ID_CAMPEON, ID_BAN, ID_RIVAL, ID_BUILD, RESULTADO, TORRES_DESTRUIDAS, KDA, PRIMERA_SANGRE) VALUES (285, 127, 142, 150, 285, 1, 6, 12.20, 1);
INSERT INTO BLNC_CAMPEON.RESUMEN (ID_RESUMEN, ID_CAMPEON, ID_BAN, ID_RIVAL, ID_BUILD, RESULTADO, TORRES_DESTRUIDAS, KDA, PRIMERA_SANGRE) VALUES (286, 117, 141, 151, 286, 0, 2, 4.90, 0);
INSERT INTO BLNC_CAMPEON.RESUMEN (ID_RESUMEN, ID_CAMPEON, ID_BAN, ID_RIVAL, ID_BUILD, RESULTADO, TORRES_DESTRUIDAS, KDA, PRIMERA_SANGRE) VALUES (287, 89, 140, 152, 287, 1, 5, 11.00, 1);
INSERT INTO BLNC_CAMPEON.RESUMEN (ID_RESUMEN, ID_CAMPEON, ID_BAN, ID_RIVAL, ID_BUILD, RESULTADO, TORRES_DESTRUIDAS, KDA, PRIMERA_SANGRE) VALUES (288, 23, 139, 153, 288, 0, 1, 2.40, 0);
INSERT INTO BLNC_CAMPEON.RESUMEN (ID_RESUMEN, ID_CAMPEON, ID_BAN, ID_RIVAL, ID_BUILD, RESULTADO, TORRES_DESTRUIDAS, KDA, PRIMERA_SANGRE) VALUES (289, 35, 138, 154, 289, 1, 4, 10.20, 1);
INSERT INTO BLNC_CAMPEON.RESUMEN (ID_RESUMEN, ID_CAMPEON, ID_BAN, ID_RIVAL, ID_BUILD, RESULTADO, TORRES_DESTRUIDAS, KDA, PRIMERA_SANGRE) VALUES (290, 1, 137, 155, 290, 0, 3, 4.70, 0);
INSERT INTO BLNC_CAMPEON.RESUMEN (ID_RESUMEN, ID_CAMPEON, ID_BAN, ID_RIVAL, ID_BUILD, RESULTADO, TORRES_DESTRUIDAS, KDA, PRIMERA_SANGRE) VALUES (291, 72, 136, 156, 291, 1, 5, 11.40, 1);
INSERT INTO BLNC_CAMPEON.RESUMEN (ID_RESUMEN, ID_CAMPEON, ID_BAN, ID_RIVAL, ID_BUILD, RESULTADO, TORRES_DESTRUIDAS, KDA, PRIMERA_SANGRE) VALUES (292, 79, 135, 157, 292, 0, 2, 4.20, 0);
INSERT INTO BLNC_CAMPEON.RESUMEN (ID_RESUMEN, ID_CAMPEON, ID_BAN, ID_RIVAL, ID_BUILD, RESULTADO, TORRES_DESTRUIDAS, KDA, PRIMERA_SANGRE) VALUES (293, 84, 134, 158, 293, 1, 5, 11.70, 1);
INSERT INTO BLNC_CAMPEON.RESUMEN (ID_RESUMEN, ID_CAMPEON, ID_BAN, ID_RIVAL, ID_BUILD, RESULTADO, TORRES_DESTRUIDAS, KDA, PRIMERA_SANGRE) VALUES (294, 75, 133, 159, 294, 0, 3, 5.60, 0);
INSERT INTO BLNC_CAMPEON.RESUMEN (ID_RESUMEN, ID_CAMPEON, ID_BAN, ID_RIVAL, ID_BUILD, RESULTADO, TORRES_DESTRUIDAS, KDA, PRIMERA_SANGRE) VALUES (295, 24, 132, 160, 295, 1, 6, 12.40, 1);
INSERT INTO BLNC_CAMPEON.RESUMEN (ID_RESUMEN, ID_CAMPEON, ID_BAN, ID_RIVAL, ID_BUILD, RESULTADO, TORRES_DESTRUIDAS, KDA, PRIMERA_SANGRE) VALUES (296, 140, 131, 161, 296, 0, 2, 4.70, 0);
INSERT INTO BLNC_CAMPEON.RESUMEN (ID_RESUMEN, ID_CAMPEON, ID_BAN, ID_RIVAL, ID_BUILD, RESULTADO, TORRES_DESTRUIDAS, KDA, PRIMERA_SANGRE) VALUES (297, 94, 130, 162, 297, 1, 4, 9.80, 1);
INSERT INTO BLNC_CAMPEON.RESUMEN (ID_RESUMEN, ID_CAMPEON, ID_BAN, ID_RIVAL, ID_BUILD, RESULTADO, TORRES_DESTRUIDAS, KDA, PRIMERA_SANGRE) VALUES (298, 51, 129, 163, 298, 0, 1, 2.90, 0);
INSERT INTO BLNC_CAMPEON.RESUMEN (ID_RESUMEN, ID_CAMPEON, ID_BAN, ID_RIVAL, ID_BUILD, RESULTADO, TORRES_DESTRUIDAS, KDA, PRIMERA_SANGRE) VALUES (299, 119, 128, 150, 299, 1, 5, 10.80, 1);
INSERT INTO BLNC_CAMPEON.RESUMEN (ID_RESUMEN, ID_CAMPEON, ID_BAN, ID_RIVAL, ID_BUILD, RESULTADO, TORRES_DESTRUIDAS, KDA, PRIMERA_SANGRE) VALUES (300, 50, 127, 151, 300, 0, 3, 4.50, 0);
GO

INSERT INTO BLNC_MISC.BUILD_RUNA (ID_BUILD_RUNA, ID_RUNA_CLAVE, ID_RUNA_SUP, ID_RUNA_INT, ID_RUNA_INF, ID_RUNA_SEC, ID_RUNA_SEC_ALT) VALUES (1001, 1, 4, 7, 12, 41, 45);
INSERT INTO BLNC_MISC.BUILD_RUNA (ID_BUILD_RUNA, ID_RUNA_CLAVE, ID_RUNA_SUP, ID_RUNA_INT, ID_RUNA_INF, ID_RUNA_SEC, ID_RUNA_SEC_ALT) VALUES (1002, 2, 5, 9, 11, 42, 45);
INSERT INTO BLNC_MISC.BUILD_RUNA (ID_BUILD_RUNA, ID_RUNA_CLAVE, ID_RUNA_SUP, ID_RUNA_INT, ID_RUNA_INF, ID_RUNA_SEC, ID_RUNA_SEC_ALT) VALUES (1003, 3, 6, 8, 10, 55, 59);
INSERT INTO BLNC_MISC.BUILD_RUNA (ID_BUILD_RUNA, ID_RUNA_CLAVE, ID_RUNA_SUP, ID_RUNA_INT, ID_RUNA_INF, ID_RUNA_SEC, ID_RUNA_SEC_ALT) VALUES (1004, 13, 16, 19, 22, 28, 33);
INSERT INTO BLNC_MISC.BUILD_RUNA (ID_BUILD_RUNA, ID_RUNA_CLAVE, ID_RUNA_SUP, ID_RUNA_INT, ID_RUNA_INF, ID_RUNA_SEC, ID_RUNA_SEC_ALT) VALUES (1005, 14, 17, 21, 24, 53, 58);
INSERT INTO BLNC_MISC.BUILD_RUNA (ID_BUILD_RUNA, ID_RUNA_CLAVE, ID_RUNA_SUP, ID_RUNA_INT, ID_RUNA_INF, ID_RUNA_SEC, ID_RUNA_SEC_ALT) VALUES (1006, 15, 18, 20, 23, 28, 32);
INSERT INTO BLNC_MISC.BUILD_RUNA (ID_BUILD_RUNA, ID_RUNA_CLAVE, ID_RUNA_SUP, ID_RUNA_INT, ID_RUNA_INF, ID_RUNA_SEC, ID_RUNA_SEC_ALT) VALUES (1007, 25, 28, 31, 34, 16, 20);
INSERT INTO BLNC_MISC.BUILD_RUNA (ID_BUILD_RUNA, ID_RUNA_CLAVE, ID_RUNA_SUP, ID_RUNA_INT, ID_RUNA_INF, ID_RUNA_SEC, ID_RUNA_SEC_ALT) VALUES (1008, 26, 29, 32, 35, 53, 57);
INSERT INTO BLNC_MISC.BUILD_RUNA (ID_BUILD_RUNA, ID_RUNA_CLAVE, ID_RUNA_SUP, ID_RUNA_INT, ID_RUNA_INF, ID_RUNA_SEC, ID_RUNA_SEC_ALT) VALUES (1009, 27, 30, 33, 36, 43, 47);
INSERT INTO BLNC_MISC.BUILD_RUNA (ID_BUILD_RUNA, ID_RUNA_CLAVE, ID_RUNA_SUP, ID_RUNA_INT, ID_RUNA_INF, ID_RUNA_SEC, ID_RUNA_SEC_ALT) VALUES (1010, 37, 40, 43, 46, 16, 22);
INSERT INTO BLNC_MISC.BUILD_RUNA (ID_BUILD_RUNA, ID_RUNA_CLAVE, ID_RUNA_SUP, ID_RUNA_INT, ID_RUNA_INF, ID_RUNA_SEC, ID_RUNA_SEC_ALT) VALUES (1011, 38, 41, 44, 47, 28, 33);
INSERT INTO BLNC_MISC.BUILD_RUNA (ID_BUILD_RUNA, ID_RUNA_CLAVE, ID_RUNA_SUP, ID_RUNA_INT, ID_RUNA_INF, ID_RUNA_SEC, ID_RUNA_SEC_ALT) VALUES (1012, 39, 42, 45, 48, 53, 58);
INSERT INTO BLNC_MISC.BUILD_RUNA (ID_BUILD_RUNA, ID_RUNA_CLAVE, ID_RUNA_SUP, ID_RUNA_INT, ID_RUNA_INF, ID_RUNA_SEC, ID_RUNA_SEC_ALT) VALUES (1013, 49, 52, 55, 59, 29, 32);
INSERT INTO BLNC_MISC.BUILD_RUNA (ID_BUILD_RUNA, ID_RUNA_CLAVE, ID_RUNA_SUP, ID_RUNA_INT, ID_RUNA_INF, ID_RUNA_SEC, ID_RUNA_SEC_ALT) VALUES (1014, 50, 53, 56, 60, 16, 21);
INSERT INTO BLNC_MISC.BUILD_RUNA (ID_BUILD_RUNA, ID_RUNA_CLAVE, ID_RUNA_SUP, ID_RUNA_INT, ID_RUNA_INF, ID_RUNA_SEC, ID_RUNA_SEC_ALT) VALUES (1015, 51, 54, 57, 58, 41, 45);
INSERT INTO BLNC_MISC.BUILD_RUNA (ID_BUILD_RUNA, ID_RUNA_CLAVE, ID_RUNA_SUP, ID_RUNA_INT, ID_RUNA_INF, ID_RUNA_SEC, ID_RUNA_SEC_ALT) VALUES (1016, 1, 4, 7, 12, 53, 56);
INSERT INTO BLNC_MISC.BUILD_RUNA (ID_BUILD_RUNA, ID_RUNA_CLAVE, ID_RUNA_SUP, ID_RUNA_INT, ID_RUNA_INF, ID_RUNA_SEC, ID_RUNA_SEC_ALT) VALUES (1017, 2, 5, 8, 11, 53, 59);
INSERT INTO BLNC_MISC.BUILD_RUNA (ID_BUILD_RUNA, ID_RUNA_CLAVE, ID_RUNA_SUP, ID_RUNA_INT, ID_RUNA_INF, ID_RUNA_SEC, ID_RUNA_SEC_ALT) VALUES (1018, 3, 6, 9, 10, 29, 32);
INSERT INTO BLNC_MISC.BUILD_RUNA (ID_BUILD_RUNA, ID_RUNA_CLAVE, ID_RUNA_SUP, ID_RUNA_INT, ID_RUNA_INF, ID_RUNA_SEC, ID_RUNA_SEC_ALT) VALUES (1019, 13, 16, 19, 22, 55, 58);
INSERT INTO BLNC_MISC.BUILD_RUNA (ID_BUILD_RUNA, ID_RUNA_CLAVE, ID_RUNA_SUP, ID_RUNA_INT, ID_RUNA_INF, ID_RUNA_SEC, ID_RUNA_SEC_ALT) VALUES (1020, 14, 17, 20, 23, 28, 31);
INSERT INTO BLNC_MISC.BUILD_RUNA (ID_BUILD_RUNA, ID_RUNA_CLAVE, ID_RUNA_SUP, ID_RUNA_INT, ID_RUNA_INF, ID_RUNA_SEC, ID_RUNA_SEC_ALT) VALUES (1021, 15, 18, 21, 24, 43, 46);
INSERT INTO BLNC_MISC.BUILD_RUNA (ID_BUILD_RUNA, ID_RUNA_CLAVE, ID_RUNA_SUP, ID_RUNA_INT, ID_RUNA_INF, ID_RUNA_SEC, ID_RUNA_SEC_ALT) VALUES (1022, 25, 28, 31, 34, 53, 59);
INSERT INTO BLNC_MISC.BUILD_RUNA (ID_BUILD_RUNA, ID_RUNA_CLAVE, ID_RUNA_SUP, ID_RUNA_INT, ID_RUNA_INF, ID_RUNA_SEC, ID_RUNA_SEC_ALT) VALUES (1023, 26, 29, 32, 35, 43, 46);
INSERT INTO BLNC_MISC.BUILD_RUNA (ID_BUILD_RUNA, ID_RUNA_CLAVE, ID_RUNA_SUP, ID_RUNA_INT, ID_RUNA_INF, ID_RUNA_SEC, ID_RUNA_SEC_ALT) VALUES (1024, 27, 30, 33, 36, 55, 60);
INSERT INTO BLNC_MISC.BUILD_RUNA (ID_BUILD_RUNA, ID_RUNA_CLAVE, ID_RUNA_SUP, ID_RUNA_INT, ID_RUNA_INF, ID_RUNA_SEC, ID_RUNA_SEC_ALT) VALUES (1025, 37, 40, 43, 46, 53, 57);
INSERT INTO BLNC_MISC.BUILD_RUNA (ID_BUILD_RUNA, ID_RUNA_CLAVE, ID_RUNA_SUP, ID_RUNA_INT, ID_RUNA_INF, ID_RUNA_SEC, ID_RUNA_SEC_ALT) VALUES (1026, 38, 41, 44, 47, 28, 32);
INSERT INTO BLNC_MISC.BUILD_RUNA (ID_BUILD_RUNA, ID_RUNA_CLAVE, ID_RUNA_SUP, ID_RUNA_INT, ID_RUNA_INF, ID_RUNA_SEC, ID_RUNA_SEC_ALT) VALUES (1027, 39, 42, 45, 48, 29, 33);
INSERT INTO BLNC_MISC.BUILD_RUNA (ID_BUILD_RUNA, ID_RUNA_CLAVE, ID_RUNA_SUP, ID_RUNA_INT, ID_RUNA_INF, ID_RUNA_SEC, ID_RUNA_SEC_ALT) VALUES (1028, 49, 52, 55, 58, 28, 36);
INSERT INTO BLNC_MISC.BUILD_RUNA (ID_BUILD_RUNA, ID_RUNA_CLAVE, ID_RUNA_SUP, ID_RUNA_INT, ID_RUNA_INF, ID_RUNA_SEC, ID_RUNA_SEC_ALT) VALUES (1029, 50, 53, 56, 60, 41, 47);
INSERT INTO BLNC_MISC.BUILD_RUNA (ID_BUILD_RUNA, ID_RUNA_CLAVE, ID_RUNA_SUP, ID_RUNA_INT, ID_RUNA_INF, ID_RUNA_SEC, ID_RUNA_SEC_ALT) VALUES (1030, 51, 54, 57, 59, 43, 48);
INSERT INTO BLNC_MISC.BUILD_RUNA (ID_BUILD_RUNA, ID_RUNA_CLAVE, ID_RUNA_SUP, ID_RUNA_INT, ID_RUNA_INF, ID_RUNA_SEC, ID_RUNA_SEC_ALT) VALUES (1031, 1, 4, 7, 10, 28, 33);
INSERT INTO BLNC_MISC.BUILD_RUNA (ID_BUILD_RUNA, ID_RUNA_CLAVE, ID_RUNA_SUP, ID_RUNA_INT, ID_RUNA_INF, ID_RUNA_SEC, ID_RUNA_SEC_ALT) VALUES (1032, 2, 5, 8, 12, 55, 60); 
INSERT INTO BLNC_MISC.BUILD_RUNA (ID_BUILD_RUNA, ID_RUNA_CLAVE, ID_RUNA_SUP, ID_RUNA_INT, ID_RUNA_INF, ID_RUNA_SEC, ID_RUNA_SEC_ALT) VALUES (1033, 3, 6, 9, 11, 16, 19); 
INSERT INTO BLNC_MISC.BUILD_RUNA (ID_BUILD_RUNA, ID_RUNA_CLAVE, ID_RUNA_SUP, ID_RUNA_INT, ID_RUNA_INF, ID_RUNA_SEC, ID_RUNA_SEC_ALT) VALUES (1034, 13, 16, 19, 24, 28, 35);
INSERT INTO BLNC_MISC.BUILD_RUNA (ID_BUILD_RUNA, ID_RUNA_CLAVE, ID_RUNA_SUP, ID_RUNA_INT, ID_RUNA_INF, ID_RUNA_SEC, ID_RUNA_SEC_ALT) VALUES (1035, 14, 17, 21, 23, 55, 60); 
INSERT INTO BLNC_MISC.BUILD_RUNA (ID_BUILD_RUNA, ID_RUNA_CLAVE, ID_RUNA_SUP, ID_RUNA_INT, ID_RUNA_INF, ID_RUNA_SEC, ID_RUNA_SEC_ALT) VALUES (1036, 15, 18, 20, 22, 43, 46); 
INSERT INTO BLNC_MISC.BUILD_RUNA (ID_BUILD_RUNA, ID_RUNA_CLAVE, ID_RUNA_SUP, ID_RUNA_INT, ID_RUNA_INF, ID_RUNA_SEC, ID_RUNA_SEC_ALT) VALUES (1037, 25, 28, 31, 34, 55, 60); 
INSERT INTO BLNC_MISC.BUILD_RUNA (ID_BUILD_RUNA, ID_RUNA_CLAVE, ID_RUNA_SUP, ID_RUNA_INT, ID_RUNA_INF, ID_RUNA_SEC, ID_RUNA_SEC_ALT) VALUES (1038, 26, 29, 32, 36, 43, 48); 
INSERT INTO BLNC_MISC.BUILD_RUNA (ID_BUILD_RUNA, ID_RUNA_CLAVE, ID_RUNA_SUP, ID_RUNA_INT, ID_RUNA_INF, ID_RUNA_SEC, ID_RUNA_SEC_ALT) VALUES (1039, 27, 30, 33, 35, 41, 46); 
INSERT INTO BLNC_MISC.BUILD_RUNA (ID_BUILD_RUNA, ID_RUNA_CLAVE, ID_RUNA_SUP, ID_RUNA_INT, ID_RUNA_INF, ID_RUNA_SEC, ID_RUNA_SEC_ALT) VALUES (1040, 37, 40, 43, 46, 36, 32); 
INSERT INTO BLNC_MISC.BUILD_RUNA (ID_BUILD_RUNA, ID_RUNA_CLAVE, ID_RUNA_SUP, ID_RUNA_INT, ID_RUNA_INF, ID_RUNA_SEC, ID_RUNA_SEC_ALT) VALUES (1041, 38, 41, 44, 47, 55, 59); 
INSERT INTO BLNC_MISC.BUILD_RUNA (ID_BUILD_RUNA, ID_RUNA_CLAVE, ID_RUNA_SUP, ID_RUNA_INT, ID_RUNA_INF, ID_RUNA_SEC, ID_RUNA_SEC_ALT) VALUES (1042, 39, 42, 45, 48, 4, 10); 
INSERT INTO BLNC_MISC.BUILD_RUNA (ID_BUILD_RUNA, ID_RUNA_CLAVE, ID_RUNA_SUP, ID_RUNA_INT, ID_RUNA_INF, ID_RUNA_SEC, ID_RUNA_SEC_ALT) VALUES (1043, 49, 52, 55, 59, 28, 35); 
INSERT INTO BLNC_MISC.BUILD_RUNA (ID_BUILD_RUNA, ID_RUNA_CLAVE, ID_RUNA_SUP, ID_RUNA_INT, ID_RUNA_INF, ID_RUNA_SEC, ID_RUNA_SEC_ALT) VALUES (1044, 50, 53, 56, 60, 29, 33); 
INSERT INTO BLNC_MISC.BUILD_RUNA (ID_BUILD_RUNA, ID_RUNA_CLAVE, ID_RUNA_SUP, ID_RUNA_INT, ID_RUNA_INF, ID_RUNA_SEC, ID_RUNA_SEC_ALT) VALUES (1045, 51, 54, 57, 58, 43, 40); 
INSERT INTO BLNC_MISC.BUILD_RUNA (ID_BUILD_RUNA, ID_RUNA_CLAVE, ID_RUNA_SUP, ID_RUNA_INT, ID_RUNA_INF, ID_RUNA_SEC, ID_RUNA_SEC_ALT) VALUES (1046, 1, 4, 7, 10, 41, 45);  
INSERT INTO BLNC_MISC.BUILD_RUNA (ID_BUILD_RUNA, ID_RUNA_CLAVE, ID_RUNA_SUP, ID_RUNA_INT, ID_RUNA_INF, ID_RUNA_SEC, ID_RUNA_SEC_ALT) VALUES (1047, 2, 5, 8, 12, 43, 48); 
INSERT INTO BLNC_MISC.BUILD_RUNA (ID_BUILD_RUNA, ID_RUNA_CLAVE, ID_RUNA_SUP, ID_RUNA_INT, ID_RUNA_INF, ID_RUNA_SEC, ID_RUNA_SEC_ALT) VALUES (1048, 3, 6, 9, 11, 29, 33);  
INSERT INTO BLNC_MISC.BUILD_RUNA (ID_BUILD_RUNA, ID_RUNA_CLAVE, ID_RUNA_SUP, ID_RUNA_INT, ID_RUNA_INF, ID_RUNA_SEC, ID_RUNA_SEC_ALT) VALUES (1049, 13, 16, 19, 22, 53, 57); 
INSERT INTO BLNC_MISC.BUILD_RUNA (ID_BUILD_RUNA, ID_RUNA_CLAVE, ID_RUNA_SUP, ID_RUNA_INT, ID_RUNA_INF, ID_RUNA_SEC, ID_RUNA_SEC_ALT) VALUES (1050, 14, 17, 21, 24, 28, 32); 
INSERT INTO BLNC_MISC.BUILD_RUNA (ID_BUILD_RUNA, ID_RUNA_CLAVE, ID_RUNA_SUP, ID_RUNA_INT, ID_RUNA_INF, ID_RUNA_SEC, ID_RUNA_SEC_ALT) VALUES (1051, 15, 18, 20, 23, 41, 46); 
INSERT INTO BLNC_MISC.BUILD_RUNA (ID_BUILD_RUNA, ID_RUNA_CLAVE, ID_RUNA_SUP, ID_RUNA_INT, ID_RUNA_INF, ID_RUNA_SEC, ID_RUNA_SEC_ALT) VALUES (1052, 27, 28, 31, 34, 55, 60); 
INSERT INTO BLNC_MISC.BUILD_RUNA (ID_BUILD_RUNA, ID_RUNA_CLAVE, ID_RUNA_SUP, ID_RUNA_INT, ID_RUNA_INF, ID_RUNA_SEC, ID_RUNA_SEC_ALT) VALUES (1053, 26, 29, 32, 35, 43, 48); 
INSERT INTO BLNC_MISC.BUILD_RUNA (ID_BUILD_RUNA, ID_RUNA_CLAVE, ID_RUNA_SUP, ID_RUNA_INT, ID_RUNA_INF, ID_RUNA_SEC, ID_RUNA_SEC_ALT) VALUES (1054, 27, 30, 33, 36, 41, 44); 
INSERT INTO BLNC_MISC.BUILD_RUNA (ID_BUILD_RUNA, ID_RUNA_CLAVE, ID_RUNA_SUP, ID_RUNA_INT, ID_RUNA_INF, ID_RUNA_SEC, ID_RUNA_SEC_ALT) VALUES (1055, 37, 40, 43, 47, 16, 22); 
INSERT INTO BLNC_MISC.BUILD_RUNA (ID_BUILD_RUNA, ID_RUNA_CLAVE, ID_RUNA_SUP, ID_RUNA_INT, ID_RUNA_INF, ID_RUNA_SEC, ID_RUNA_SEC_ALT) VALUES (1056, 38, 41, 44, 47, 29, 33); 
INSERT INTO BLNC_MISC.BUILD_RUNA (ID_BUILD_RUNA, ID_RUNA_CLAVE, ID_RUNA_SUP, ID_RUNA_INT, ID_RUNA_INF, ID_RUNA_SEC, ID_RUNA_SEC_ALT) VALUES (1057, 39, 42, 45, 48, 28, 32); 
INSERT INTO BLNC_MISC.BUILD_RUNA (ID_BUILD_RUNA, ID_RUNA_CLAVE, ID_RUNA_SUP, ID_RUNA_INT, ID_RUNA_INF, ID_RUNA_SEC, ID_RUNA_SEC_ALT) VALUES (1058, 49, 52, 55, 59, 43, 46);
INSERT INTO BLNC_MISC.BUILD_RUNA (ID_BUILD_RUNA, ID_RUNA_CLAVE, ID_RUNA_SUP, ID_RUNA_INT, ID_RUNA_INF, ID_RUNA_SEC, ID_RUNA_SEC_ALT) VALUES (1059, 50, 53, 56, 60, 5, 10); 
INSERT INTO BLNC_MISC.BUILD_RUNA (ID_BUILD_RUNA, ID_RUNA_CLAVE, ID_RUNA_SUP, ID_RUNA_INT, ID_RUNA_INF, ID_RUNA_SEC, ID_RUNA_SEC_ALT) VALUES (1060, 51, 54, 57, 58, 16, 22); 
INSERT INTO BLNC_MISC.BUILD_RUNA (ID_BUILD_RUNA, ID_RUNA_CLAVE, ID_RUNA_SUP, ID_RUNA_INT, ID_RUNA_INF, ID_RUNA_SEC, ID_RUNA_SEC_ALT) VALUES (1061, 1, 4, 7, 10, 43, 48);  
INSERT INTO BLNC_MISC.BUILD_RUNA (ID_BUILD_RUNA, ID_RUNA_CLAVE, ID_RUNA_SUP, ID_RUNA_INT, ID_RUNA_INF, ID_RUNA_SEC, ID_RUNA_SEC_ALT) VALUES (1062, 2, 5, 8, 12, 52, 60);  
INSERT INTO BLNC_MISC.BUILD_RUNA (ID_BUILD_RUNA, ID_RUNA_CLAVE, ID_RUNA_SUP, ID_RUNA_INT, ID_RUNA_INF, ID_RUNA_SEC, ID_RUNA_SEC_ALT) VALUES (1063, 3, 6, 9, 11, 41, 45);  
INSERT INTO BLNC_MISC.BUILD_RUNA (ID_BUILD_RUNA, ID_RUNA_CLAVE, ID_RUNA_SUP, ID_RUNA_INT, ID_RUNA_INF, ID_RUNA_SEC, ID_RUNA_SEC_ALT) VALUES (1064, 13, 16, 19, 22, 28, 32); 
INSERT INTO BLNC_MISC.BUILD_RUNA (ID_BUILD_RUNA, ID_RUNA_CLAVE, ID_RUNA_SUP, ID_RUNA_INT, ID_RUNA_INF, ID_RUNA_SEC, ID_RUNA_SEC_ALT) VALUES (1065, 14, 17, 21, 24, 54, 58); 
INSERT INTO BLNC_MISC.BUILD_RUNA (ID_BUILD_RUNA, ID_RUNA_CLAVE, ID_RUNA_SUP, ID_RUNA_INT, ID_RUNA_INF, ID_RUNA_SEC, ID_RUNA_SEC_ALT) VALUES (1066, 15, 18, 20, 23, 29, 34); 
INSERT INTO BLNC_MISC.BUILD_RUNA (ID_BUILD_RUNA, ID_RUNA_CLAVE, ID_RUNA_SUP, ID_RUNA_INT, ID_RUNA_INF, ID_RUNA_SEC, ID_RUNA_SEC_ALT) VALUES (1067, 25, 28, 31, 34, 41, 45); 
INSERT INTO BLNC_MISC.BUILD_RUNA (ID_BUILD_RUNA, ID_RUNA_CLAVE, ID_RUNA_SUP, ID_RUNA_INT, ID_RUNA_INF, ID_RUNA_SEC, ID_RUNA_SEC_ALT) VALUES (1068, 26, 29, 32, 35, 53, 58); 
INSERT INTO BLNC_MISC.BUILD_RUNA (ID_BUILD_RUNA, ID_RUNA_CLAVE, ID_RUNA_SUP, ID_RUNA_INT, ID_RUNA_INF, ID_RUNA_SEC, ID_RUNA_SEC_ALT) VALUES (1069, 27, 30, 33, 36, 41, 46); 
INSERT INTO BLNC_MISC.BUILD_RUNA (ID_BUILD_RUNA, ID_RUNA_CLAVE, ID_RUNA_SUP, ID_RUNA_INT, ID_RUNA_INF, ID_RUNA_SEC, ID_RUNA_SEC_ALT) VALUES (1070, 37, 40, 43, 46, 28, 33); 
INSERT INTO BLNC_MISC.BUILD_RUNA (ID_BUILD_RUNA, ID_RUNA_CLAVE, ID_RUNA_SUP, ID_RUNA_INT, ID_RUNA_INF, ID_RUNA_SEC, ID_RUNA_SEC_ALT) VALUES (1071, 38, 41, 44, 47, 29, 32); 
INSERT INTO BLNC_MISC.BUILD_RUNA (ID_BUILD_RUNA, ID_RUNA_CLAVE, ID_RUNA_SUP, ID_RUNA_INT, ID_RUNA_INF, ID_RUNA_SEC, ID_RUNA_SEC_ALT) VALUES (1072, 39, 42, 45, 48, 55, 60); 
INSERT INTO BLNC_MISC.BUILD_RUNA (ID_BUILD_RUNA, ID_RUNA_CLAVE, ID_RUNA_SUP, ID_RUNA_INT, ID_RUNA_INF, ID_RUNA_SEC, ID_RUNA_SEC_ALT) VALUES (1073, 49, 52, 55, 59, 41, 44); 
INSERT INTO BLNC_MISC.BUILD_RUNA (ID_BUILD_RUNA, ID_RUNA_CLAVE, ID_RUNA_SUP, ID_RUNA_INT, ID_RUNA_INF, ID_RUNA_SEC, ID_RUNA_SEC_ALT) VALUES (1074, 50, 53, 56, 60, 10, 5); 
INSERT INTO BLNC_MISC.BUILD_RUNA (ID_BUILD_RUNA, ID_RUNA_CLAVE, ID_RUNA_SUP, ID_RUNA_INT, ID_RUNA_INF, ID_RUNA_SEC, ID_RUNA_SEC_ALT) VALUES (1075, 51, 54, 57, 58, 29, 32); 
INSERT INTO BLNC_MISC.BUILD_RUNA (ID_BUILD_RUNA, ID_RUNA_CLAVE, ID_RUNA_SUP, ID_RUNA_INT, ID_RUNA_INF, ID_RUNA_SEC, ID_RUNA_SEC_ALT) VALUES (1076, 1, 4, 7, 12, 43, 48); 
INSERT INTO BLNC_MISC.BUILD_RUNA (ID_BUILD_RUNA, ID_RUNA_CLAVE, ID_RUNA_SUP, ID_RUNA_INT, ID_RUNA_INF, ID_RUNA_SEC, ID_RUNA_SEC_ALT) VALUES (1077, 2, 5, 8, 11, 55, 60); 
INSERT INTO BLNC_MISC.BUILD_RUNA (ID_BUILD_RUNA, ID_RUNA_CLAVE, ID_RUNA_SUP, ID_RUNA_INT, ID_RUNA_INF, ID_RUNA_SEC, ID_RUNA_SEC_ALT) VALUES (1078, 3, 6, 9, 10, 41, 46);  
INSERT INTO BLNC_MISC.BUILD_RUNA (ID_BUILD_RUNA, ID_RUNA_CLAVE, ID_RUNA_SUP, ID_RUNA_INT, ID_RUNA_INF, ID_RUNA_SEC, ID_RUNA_SEC_ALT) VALUES (1079, 13, 16, 19, 22, 53, 60); 
INSERT INTO BLNC_MISC.BUILD_RUNA (ID_BUILD_RUNA, ID_RUNA_CLAVE, ID_RUNA_SUP, ID_RUNA_INT, ID_RUNA_INF, ID_RUNA_SEC, ID_RUNA_SEC_ALT) VALUES (1080, 14, 17, 21, 24, 28, 35); 
INSERT INTO BLNC_MISC.BUILD_RUNA (ID_BUILD_RUNA, ID_RUNA_CLAVE, ID_RUNA_SUP, ID_RUNA_INT, ID_RUNA_INF, ID_RUNA_SEC, ID_RUNA_SEC_ALT) VALUES (1081, 14, 18, 20, 23, 29, 34); 
INSERT INTO BLNC_MISC.BUILD_RUNA (ID_BUILD_RUNA, ID_RUNA_CLAVE, ID_RUNA_SUP, ID_RUNA_INT, ID_RUNA_INF, ID_RUNA_SEC, ID_RUNA_SEC_ALT) VALUES (1082, 26, 28, 31, 34, 41, 45); 
INSERT INTO BLNC_MISC.BUILD_RUNA (ID_BUILD_RUNA, ID_RUNA_CLAVE, ID_RUNA_SUP, ID_RUNA_INT, ID_RUNA_INF, ID_RUNA_SEC, ID_RUNA_SEC_ALT) VALUES (1083, 25, 29, 32, 35, 53, 58); 
INSERT INTO BLNC_MISC.BUILD_RUNA (ID_BUILD_RUNA, ID_RUNA_CLAVE, ID_RUNA_SUP, ID_RUNA_INT, ID_RUNA_INF, ID_RUNA_SEC, ID_RUNA_SEC_ALT) VALUES (1084, 27, 30, 33, 36, 41, 47); 
INSERT INTO BLNC_MISC.BUILD_RUNA (ID_BUILD_RUNA, ID_RUNA_CLAVE, ID_RUNA_SUP, ID_RUNA_INT, ID_RUNA_INF, ID_RUNA_SEC, ID_RUNA_SEC_ALT) VALUES (1085, 37, 40, 43, 46, 29, 33); 
INSERT INTO BLNC_MISC.BUILD_RUNA (ID_BUILD_RUNA, ID_RUNA_CLAVE, ID_RUNA_SUP, ID_RUNA_INT, ID_RUNA_INF, ID_RUNA_SEC, ID_RUNA_SEC_ALT) VALUES (1086, 38, 41, 45, 47, 29, 32); 
INSERT INTO BLNC_MISC.BUILD_RUNA (ID_BUILD_RUNA, ID_RUNA_CLAVE, ID_RUNA_SUP, ID_RUNA_INT, ID_RUNA_INF, ID_RUNA_SEC, ID_RUNA_SEC_ALT) VALUES (1087, 39, 42, 45, 48, 54, 60); 
INSERT INTO BLNC_MISC.BUILD_RUNA (ID_BUILD_RUNA, ID_RUNA_CLAVE, ID_RUNA_SUP, ID_RUNA_INT, ID_RUNA_INF, ID_RUNA_SEC, ID_RUNA_SEC_ALT) VALUES (1088, 49, 52, 55, 59, 41, 45); 
INSERT INTO BLNC_MISC.BUILD_RUNA (ID_BUILD_RUNA, ID_RUNA_CLAVE, ID_RUNA_SUP, ID_RUNA_INT, ID_RUNA_INF, ID_RUNA_SEC, ID_RUNA_SEC_ALT) VALUES (1089, 50, 53, 56, 60, 16, 20); 
INSERT INTO BLNC_MISC.BUILD_RUNA (ID_BUILD_RUNA, ID_RUNA_CLAVE, ID_RUNA_SUP, ID_RUNA_INT, ID_RUNA_INF, ID_RUNA_SEC, ID_RUNA_SEC_ALT) VALUES (1090, 51, 54, 57, 60, 29, 32); 
INSERT INTO BLNC_MISC.BUILD_RUNA (ID_BUILD_RUNA, ID_RUNA_CLAVE, ID_RUNA_SUP, ID_RUNA_INT, ID_RUNA_INF, ID_RUNA_SEC, ID_RUNA_SEC_ALT) VALUES (1091, 1, 4, 7, 12, 42, 48);  
INSERT INTO BLNC_MISC.BUILD_RUNA (ID_BUILD_RUNA, ID_RUNA_CLAVE, ID_RUNA_SUP, ID_RUNA_INT, ID_RUNA_INF, ID_RUNA_SEC, ID_RUNA_SEC_ALT) VALUES (1092, 2, 5, 8, 11, 56, 60);  
INSERT INTO BLNC_MISC.BUILD_RUNA (ID_BUILD_RUNA, ID_RUNA_CLAVE, ID_RUNA_SUP, ID_RUNA_INT, ID_RUNA_INF, ID_RUNA_SEC, ID_RUNA_SEC_ALT) VALUES (1093, 3, 4, 9, 10, 41, 46); 
INSERT INTO BLNC_MISC.BUILD_RUNA (ID_BUILD_RUNA, ID_RUNA_CLAVE, ID_RUNA_SUP, ID_RUNA_INT, ID_RUNA_INF, ID_RUNA_SEC, ID_RUNA_SEC_ALT) VALUES (1094, 13, 16, 20, 22, 53, 57); 
INSERT INTO BLNC_MISC.BUILD_RUNA (ID_BUILD_RUNA, ID_RUNA_CLAVE, ID_RUNA_SUP, ID_RUNA_INT, ID_RUNA_INF, ID_RUNA_SEC, ID_RUNA_SEC_ALT) VALUES (1095, 15, 17, 21, 24, 28, 32); 
INSERT INTO BLNC_MISC.BUILD_RUNA (ID_BUILD_RUNA, ID_RUNA_CLAVE, ID_RUNA_SUP, ID_RUNA_INT, ID_RUNA_INF, ID_RUNA_SEC, ID_RUNA_SEC_ALT) VALUES (1096, 14, 17, 20, 23, 29, 34); 
INSERT INTO BLNC_MISC.BUILD_RUNA (ID_BUILD_RUNA, ID_RUNA_CLAVE, ID_RUNA_SUP, ID_RUNA_INT, ID_RUNA_INF, ID_RUNA_SEC, ID_RUNA_SEC_ALT) VALUES (1097, 25, 28, 31, 34, 42, 45); 
INSERT INTO BLNC_MISC.BUILD_RUNA (ID_BUILD_RUNA, ID_RUNA_CLAVE, ID_RUNA_SUP, ID_RUNA_INT, ID_RUNA_INF, ID_RUNA_SEC, ID_RUNA_SEC_ALT) VALUES (1098, 26, 29, 32, 35, 53, 59); 
INSERT INTO BLNC_MISC.BUILD_RUNA (ID_BUILD_RUNA, ID_RUNA_CLAVE, ID_RUNA_SUP, ID_RUNA_INT, ID_RUNA_INF, ID_RUNA_SEC, ID_RUNA_SEC_ALT) VALUES (1099, 26, 30, 33, 36, 41, 46); 
INSERT INTO BLNC_MISC.BUILD_RUNA (ID_BUILD_RUNA, ID_RUNA_CLAVE, ID_RUNA_SUP, ID_RUNA_INT, ID_RUNA_INF, ID_RUNA_SEC, ID_RUNA_SEC_ALT) VALUES (1100, 38, 40, 43, 46, 28, 33);
GO

INSERT INTO BLNC_MISC.BUILD_OBJETO (ID_BUILD_OBJETO, ID_PRIMER_OBJETO, ID_SEGUNDO_OBJETO, ID_TERCER_OBJETO, ID_CUARTO_OBJETO, ID_QUINTO_OBJETO, ID_SEXTO_OBJETO) VALUES (1001, 1, 2, 3, 4, 5, 6);
INSERT INTO BLNC_MISC.BUILD_OBJETO (ID_BUILD_OBJETO, ID_PRIMER_OBJETO, ID_SEGUNDO_OBJETO, ID_TERCER_OBJETO, ID_CUARTO_OBJETO, ID_QUINTO_OBJETO, ID_SEXTO_OBJETO) VALUES (1002, 7, 8, 9, 10, 11, 12);
INSERT INTO BLNC_MISC.BUILD_OBJETO (ID_BUILD_OBJETO, ID_PRIMER_OBJETO, ID_SEGUNDO_OBJETO, ID_TERCER_OBJETO, ID_CUARTO_OBJETO, ID_QUINTO_OBJETO, ID_SEXTO_OBJETO) VALUES (1003, 13, 14, 15, 16, 17, 18);
INSERT INTO BLNC_MISC.BUILD_OBJETO (ID_BUILD_OBJETO, ID_PRIMER_OBJETO, ID_SEGUNDO_OBJETO, ID_TERCER_OBJETO, ID_CUARTO_OBJETO, ID_QUINTO_OBJETO, ID_SEXTO_OBJETO) VALUES (1004, 19, 20, 21, 22, 23, 24);
INSERT INTO BLNC_MISC.BUILD_OBJETO (ID_BUILD_OBJETO, ID_PRIMER_OBJETO, ID_SEGUNDO_OBJETO, ID_TERCER_OBJETO, ID_CUARTO_OBJETO, ID_QUINTO_OBJETO, ID_SEXTO_OBJETO) VALUES (1005, 25, 26, 27, 28, 29, 30);
INSERT INTO BLNC_MISC.BUILD_OBJETO (ID_BUILD_OBJETO, ID_PRIMER_OBJETO, ID_SEGUNDO_OBJETO, ID_TERCER_OBJETO, ID_CUARTO_OBJETO, ID_QUINTO_OBJETO, ID_SEXTO_OBJETO) VALUES (1006, 1, 3, 4, 5, 8, 10);
INSERT INTO BLNC_MISC.BUILD_OBJETO (ID_BUILD_OBJETO, ID_PRIMER_OBJETO, ID_SEGUNDO_OBJETO, ID_TERCER_OBJETO, ID_CUARTO_OBJETO, ID_QUINTO_OBJETO, ID_SEXTO_OBJETO) VALUES (1007, 2, 6, 12, 14, 15, 20);
INSERT INTO BLNC_MISC.BUILD_OBJETO (ID_BUILD_OBJETO, ID_PRIMER_OBJETO, ID_SEGUNDO_OBJETO, ID_TERCER_OBJETO, ID_CUARTO_OBJETO, ID_QUINTO_OBJETO, ID_SEXTO_OBJETO) VALUES (1008, 3, 7, 11, 13, 18, 19);
INSERT INTO BLNC_MISC.BUILD_OBJETO (ID_BUILD_OBJETO, ID_PRIMER_OBJETO, ID_SEGUNDO_OBJETO, ID_TERCER_OBJETO, ID_CUARTO_OBJETO, ID_QUINTO_OBJETO, ID_SEXTO_OBJETO) VALUES (1009, 2, 4, 6, 8, 10, 15);
INSERT INTO BLNC_MISC.BUILD_OBJETO (ID_BUILD_OBJETO, ID_PRIMER_OBJETO, ID_SEGUNDO_OBJETO, ID_TERCER_OBJETO, ID_CUARTO_OBJETO, ID_QUINTO_OBJETO, ID_SEXTO_OBJETO) VALUES (1010, 1, 5, 9, 12, 13, 14);
INSERT INTO BLNC_MISC.BUILD_OBJETO (ID_BUILD_OBJETO, ID_PRIMER_OBJETO, ID_SEGUNDO_OBJETO, ID_TERCER_OBJETO, ID_CUARTO_OBJETO, ID_QUINTO_OBJETO, ID_SEXTO_OBJETO) VALUES (1011, 3, 6, 9, 15, 17, 22);
INSERT INTO BLNC_MISC.BUILD_OBJETO (ID_BUILD_OBJETO, ID_PRIMER_OBJETO, ID_SEGUNDO_OBJETO, ID_TERCER_OBJETO, ID_CUARTO_OBJETO, ID_QUINTO_OBJETO, ID_SEXTO_OBJETO) VALUES (1012, 5, 10, 12, 14, 16, 21);
INSERT INTO BLNC_MISC.BUILD_OBJETO (ID_BUILD_OBJETO, ID_PRIMER_OBJETO, ID_SEGUNDO_OBJETO, ID_TERCER_OBJETO, ID_CUARTO_OBJETO, ID_QUINTO_OBJETO, ID_SEXTO_OBJETO) VALUES (1013, 2, 4, 7, 11, 19, 23);
INSERT INTO BLNC_MISC.BUILD_OBJETO (ID_BUILD_OBJETO, ID_PRIMER_OBJETO, ID_SEGUNDO_OBJETO, ID_TERCER_OBJETO, ID_CUARTO_OBJETO, ID_QUINTO_OBJETO, ID_SEXTO_OBJETO) VALUES (1014, 1, 3, 5, 6, 8, 20);
INSERT INTO BLNC_MISC.BUILD_OBJETO (ID_BUILD_OBJETO, ID_PRIMER_OBJETO, ID_SEGUNDO_OBJETO, ID_TERCER_OBJETO, ID_CUARTO_OBJETO, ID_QUINTO_OBJETO, ID_SEXTO_OBJETO) VALUES (1015, 9, 10, 12, 13, 18, 24);
INSERT INTO BLNC_MISC.BUILD_OBJETO (ID_BUILD_OBJETO, ID_PRIMER_OBJETO, ID_SEGUNDO_OBJETO, ID_TERCER_OBJETO, ID_CUARTO_OBJETO, ID_QUINTO_OBJETO, ID_SEXTO_OBJETO) VALUES (1016, 15, 17, 19, 22, 23, 25);
INSERT INTO BLNC_MISC.BUILD_OBJETO (ID_BUILD_OBJETO, ID_PRIMER_OBJETO, ID_SEGUNDO_OBJETO, ID_TERCER_OBJETO, ID_CUARTO_OBJETO, ID_QUINTO_OBJETO, ID_SEXTO_OBJETO) VALUES (1017, 1, 6, 8, 12, 14, 16);
INSERT INTO BLNC_MISC.BUILD_OBJETO (ID_BUILD_OBJETO, ID_PRIMER_OBJETO, ID_SEGUNDO_OBJETO, ID_TERCER_OBJETO, ID_CUARTO_OBJETO, ID_QUINTO_OBJETO, ID_SEXTO_OBJETO) VALUES (1018, 2, 4, 11, 13, 19, 20);
INSERT INTO BLNC_MISC.BUILD_OBJETO (ID_BUILD_OBJETO, ID_PRIMER_OBJETO, ID_SEGUNDO_OBJETO, ID_TERCER_OBJETO, ID_CUARTO_OBJETO, ID_QUINTO_OBJETO, ID_SEXTO_OBJETO) VALUES (1019, 3, 5, 7, 15, 22, 25);
INSERT INTO BLNC_MISC.BUILD_OBJETO (ID_BUILD_OBJETO, ID_PRIMER_OBJETO, ID_SEGUNDO_OBJETO, ID_TERCER_OBJETO, ID_CUARTO_OBJETO, ID_QUINTO_OBJETO, ID_SEXTO_OBJETO) VALUES (1020, 9, 10, 18, 21, 23, 24);
INSERT INTO BLNC_MISC.BUILD_OBJETO (ID_BUILD_OBJETO, ID_PRIMER_OBJETO, ID_SEGUNDO_OBJETO, ID_TERCER_OBJETO, ID_CUARTO_OBJETO, ID_QUINTO_OBJETO, ID_SEXTO_OBJETO) VALUES (1021, 5, 11, 12, 14, 15, 16);
INSERT INTO BLNC_MISC.BUILD_OBJETO (ID_BUILD_OBJETO, ID_PRIMER_OBJETO, ID_SEGUNDO_OBJETO, ID_TERCER_OBJETO, ID_CUARTO_OBJETO, ID_QUINTO_OBJETO, ID_SEXTO_OBJETO) VALUES (1022, 2, 3, 6, 8, 10, 25);
INSERT INTO BLNC_MISC.BUILD_OBJETO (ID_BUILD_OBJETO, ID_PRIMER_OBJETO, ID_SEGUNDO_OBJETO, ID_TERCER_OBJETO, ID_CUARTO_OBJETO, ID_QUINTO_OBJETO, ID_SEXTO_OBJETO) VALUES (1023, 1, 7, 12, 13, 18, 19);
INSERT INTO BLNC_MISC.BUILD_OBJETO (ID_BUILD_OBJETO, ID_PRIMER_OBJETO, ID_SEGUNDO_OBJETO, ID_TERCER_OBJETO, ID_CUARTO_OBJETO, ID_QUINTO_OBJETO, ID_SEXTO_OBJETO) VALUES (1024, 4, 5, 9, 11, 15, 20);
INSERT INTO BLNC_MISC.BUILD_OBJETO (ID_BUILD_OBJETO, ID_PRIMER_OBJETO, ID_SEGUNDO_OBJETO, ID_TERCER_OBJETO, ID_CUARTO_OBJETO, ID_QUINTO_OBJETO, ID_SEXTO_OBJETO) VALUES (1025, 3, 8, 10, 14, 17, 22);
INSERT INTO BLNC_MISC.BUILD_OBJETO (ID_BUILD_OBJETO, ID_PRIMER_OBJETO, ID_SEGUNDO_OBJETO, ID_TERCER_OBJETO, ID_CUARTO_OBJETO, ID_QUINTO_OBJETO, ID_SEXTO_OBJETO) VALUES (1026, 6, 10, 12, 19, 20, 25);
INSERT INTO BLNC_MISC.BUILD_OBJETO (ID_BUILD_OBJETO, ID_PRIMER_OBJETO, ID_SEGUNDO_OBJETO, ID_TERCER_OBJETO, ID_CUARTO_OBJETO, ID_QUINTO_OBJETO, ID_SEXTO_OBJETO) VALUES (1027, 1, 4, 7, 8, 11, 13);
INSERT INTO BLNC_MISC.BUILD_OBJETO (ID_BUILD_OBJETO, ID_PRIMER_OBJETO, ID_SEGUNDO_OBJETO, ID_TERCER_OBJETO, ID_CUARTO_OBJETO, ID_QUINTO_OBJETO, ID_SEXTO_OBJETO) VALUES (1028, 3, 6, 8, 15, 16, 24);
INSERT INTO BLNC_MISC.BUILD_OBJETO (ID_BUILD_OBJETO, ID_PRIMER_OBJETO, ID_SEGUNDO_OBJETO, ID_TERCER_OBJETO, ID_CUARTO_OBJETO, ID_QUINTO_OBJETO, ID_SEXTO_OBJETO) VALUES (1029, 2, 4, 10, 12, 14, 20);
INSERT INTO BLNC_MISC.BUILD_OBJETO (ID_BUILD_OBJETO, ID_PRIMER_OBJETO, ID_SEGUNDO_OBJETO, ID_TERCER_OBJETO, ID_CUARTO_OBJETO, ID_QUINTO_OBJETO, ID_SEXTO_OBJETO) VALUES (1030, 5, 9, 13, 17, 18, 23);
INSERT INTO BLNC_MISC.BUILD_OBJETO (ID_BUILD_OBJETO, ID_PRIMER_OBJETO, ID_SEGUNDO_OBJETO, ID_TERCER_OBJETO, ID_CUARTO_OBJETO, ID_QUINTO_OBJETO, ID_SEXTO_OBJETO) VALUES (1031, 1, 5, 7, 9, 15, 20);
INSERT INTO BLNC_MISC.BUILD_OBJETO (ID_BUILD_OBJETO, ID_PRIMER_OBJETO, ID_SEGUNDO_OBJETO, ID_TERCER_OBJETO, ID_CUARTO_OBJETO, ID_QUINTO_OBJETO, ID_SEXTO_OBJETO) VALUES (1032, 2, 3, 10, 12, 14, 25);
INSERT INTO BLNC_MISC.BUILD_OBJETO (ID_BUILD_OBJETO, ID_PRIMER_OBJETO, ID_SEGUNDO_OBJETO, ID_TERCER_OBJETO, ID_CUARTO_OBJETO, ID_QUINTO_OBJETO, ID_SEXTO_OBJETO) VALUES (1033, 6, 8, 13, 16, 19, 22);
INSERT INTO BLNC_MISC.BUILD_OBJETO (ID_BUILD_OBJETO, ID_PRIMER_OBJETO, ID_SEGUNDO_OBJETO, ID_TERCER_OBJETO, ID_CUARTO_OBJETO, ID_QUINTO_OBJETO, ID_SEXTO_OBJETO) VALUES (1034, 3, 7, 11, 14, 18, 21);
INSERT INTO BLNC_MISC.BUILD_OBJETO (ID_BUILD_OBJETO, ID_PRIMER_OBJETO, ID_SEGUNDO_OBJETO, ID_TERCER_OBJETO, ID_CUARTO_OBJETO, ID_QUINTO_OBJETO, ID_SEXTO_OBJETO) VALUES (1035, 4, 5, 9, 12, 15, 17);
INSERT INTO BLNC_MISC.BUILD_OBJETO (ID_BUILD_OBJETO, ID_PRIMER_OBJETO, ID_SEGUNDO_OBJETO, ID_TERCER_OBJETO, ID_CUARTO_OBJETO, ID_QUINTO_OBJETO, ID_SEXTO_OBJETO) VALUES (1036, 1, 8, 10, 13, 20, 25);
INSERT INTO BLNC_MISC.BUILD_OBJETO (ID_BUILD_OBJETO, ID_PRIMER_OBJETO, ID_SEGUNDO_OBJETO, ID_TERCER_OBJETO, ID_CUARTO_OBJETO, ID_QUINTO_OBJETO, ID_SEXTO_OBJETO) VALUES (1037, 2, 4, 6, 11, 12, 23);
INSERT INTO BLNC_MISC.BUILD_OBJETO (ID_BUILD_OBJETO, ID_PRIMER_OBJETO, ID_SEGUNDO_OBJETO, ID_TERCER_OBJETO, ID_CUARTO_OBJETO, ID_QUINTO_OBJETO, ID_SEXTO_OBJETO) VALUES (1038, 5, 9, 15, 17, 19, 22);
INSERT INTO BLNC_MISC.BUILD_OBJETO (ID_BUILD_OBJETO, ID_PRIMER_OBJETO, ID_SEGUNDO_OBJETO, ID_TERCER_OBJETO, ID_CUARTO_OBJETO, ID_QUINTO_OBJETO, ID_SEXTO_OBJETO) VALUES (1039, 3, 8, 12, 14, 18, 20);
INSERT INTO BLNC_MISC.BUILD_OBJETO (ID_BUILD_OBJETO, ID_PRIMER_OBJETO, ID_SEGUNDO_OBJETO, ID_TERCER_OBJETO, ID_CUARTO_OBJETO, ID_QUINTO_OBJETO, ID_SEXTO_OBJETO) VALUES (1040, 1, 6, 7, 9, 13, 21);
INSERT INTO BLNC_MISC.BUILD_OBJETO (ID_BUILD_OBJETO, ID_PRIMER_OBJETO, ID_SEGUNDO_OBJETO, ID_TERCER_OBJETO, ID_CUARTO_OBJETO, ID_QUINTO_OBJETO, ID_SEXTO_OBJETO) VALUES (1041, 2, 4, 11, 12, 19, 25);
INSERT INTO BLNC_MISC.BUILD_OBJETO (ID_BUILD_OBJETO, ID_PRIMER_OBJETO, ID_SEGUNDO_OBJETO, ID_TERCER_OBJETO, ID_CUARTO_OBJETO, ID_QUINTO_OBJETO, ID_SEXTO_OBJETO) VALUES (1042, 5, 8, 10, 15, 20, 24);
INSERT INTO BLNC_MISC.BUILD_OBJETO (ID_BUILD_OBJETO, ID_PRIMER_OBJETO, ID_SEGUNDO_OBJETO, ID_TERCER_OBJETO, ID_CUARTO_OBJETO, ID_QUINTO_OBJETO, ID_SEXTO_OBJETO) VALUES (1043, 6, 9, 12, 14, 17, 23);
INSERT INTO BLNC_MISC.BUILD_OBJETO (ID_BUILD_OBJETO, ID_PRIMER_OBJETO, ID_SEGUNDO_OBJETO, ID_TERCER_OBJETO, ID_CUARTO_OBJETO, ID_QUINTO_OBJETO, ID_SEXTO_OBJETO) VALUES (1044, 3, 5, 8, 11, 15, 22);
INSERT INTO BLNC_MISC.BUILD_OBJETO (ID_BUILD_OBJETO, ID_PRIMER_OBJETO, ID_SEGUNDO_OBJETO, ID_TERCER_OBJETO, ID_CUARTO_OBJETO, ID_QUINTO_OBJETO, ID_SEXTO_OBJETO) VALUES (1045, 1, 2, 7, 13, 16, 20);
INSERT INTO BLNC_MISC.BUILD_OBJETO (ID_BUILD_OBJETO, ID_PRIMER_OBJETO, ID_SEGUNDO_OBJETO, ID_TERCER_OBJETO, ID_CUARTO_OBJETO, ID_QUINTO_OBJETO, ID_SEXTO_OBJETO) VALUES (1046, 4, 8, 12, 18, 19, 25);
INSERT INTO BLNC_MISC.BUILD_OBJETO (ID_BUILD_OBJETO, ID_PRIMER_OBJETO, ID_SEGUNDO_OBJETO, ID_TERCER_OBJETO, ID_CUARTO_OBJETO, ID_QUINTO_OBJETO, ID_SEXTO_OBJETO) VALUES (1047, 5, 9, 10, 14, 20, 23);
INSERT INTO BLNC_MISC.BUILD_OBJETO (ID_BUILD_OBJETO, ID_PRIMER_OBJETO, ID_SEGUNDO_OBJETO, ID_TERCER_OBJETO, ID_CUARTO_OBJETO, ID_QUINTO_OBJETO, ID_SEXTO_OBJETO) VALUES (1048, 2, 6, 8, 11, 13, 22);
INSERT INTO BLNC_MISC.BUILD_OBJETO (ID_BUILD_OBJETO, ID_PRIMER_OBJETO, ID_SEGUNDO_OBJETO, ID_TERCER_OBJETO, ID_CUARTO_OBJETO, ID_QUINTO_OBJETO, ID_SEXTO_OBJETO) VALUES (1049, 1, 3, 10, 12, 15, 19);
INSERT INTO BLNC_MISC.BUILD_OBJETO (ID_BUILD_OBJETO, ID_PRIMER_OBJETO, ID_SEGUNDO_OBJETO, ID_TERCER_OBJETO, ID_CUARTO_OBJETO, ID_QUINTO_OBJETO, ID_SEXTO_OBJETO) VALUES (1050, 4, 5, 7, 11, 18, 25);
INSERT INTO BLNC_MISC.BUILD_OBJETO (ID_BUILD_OBJETO, ID_PRIMER_OBJETO, ID_SEGUNDO_OBJETO, ID_TERCER_OBJETO, ID_CUARTO_OBJETO, ID_QUINTO_OBJETO, ID_SEXTO_OBJETO) VALUES (1051, 3, 6, 9, 12, 14, 20);
INSERT INTO BLNC_MISC.BUILD_OBJETO (ID_BUILD_OBJETO, ID_PRIMER_OBJETO, ID_SEGUNDO_OBJETO, ID_TERCER_OBJETO, ID_CUARTO_OBJETO, ID_QUINTO_OBJETO, ID_SEXTO_OBJETO) VALUES (1052, 5, 8, 13, 16, 18, 21);
INSERT INTO BLNC_MISC.BUILD_OBJETO (ID_BUILD_OBJETO, ID_PRIMER_OBJETO, ID_SEGUNDO_OBJETO, ID_TERCER_OBJETO, ID_CUARTO_OBJETO, ID_QUINTO_OBJETO, ID_SEXTO_OBJETO) VALUES (1053, 1, 3, 7, 12, 17, 19);
INSERT INTO BLNC_MISC.BUILD_OBJETO (ID_BUILD_OBJETO, ID_PRIMER_OBJETO, ID_SEGUNDO_OBJETO, ID_TERCER_OBJETO, ID_CUARTO_OBJETO, ID_QUINTO_OBJETO, ID_SEXTO_OBJETO) VALUES (1054, 2, 6, 8, 10, 14, 25);
INSERT INTO BLNC_MISC.BUILD_OBJETO (ID_BUILD_OBJETO, ID_PRIMER_OBJETO, ID_SEGUNDO_OBJETO, ID_TERCER_OBJETO, ID_CUARTO_OBJETO, ID_QUINTO_OBJETO, ID_SEXTO_OBJETO) VALUES (1055, 5, 11, 13, 15, 18, 22);
INSERT INTO BLNC_MISC.BUILD_OBJETO (ID_BUILD_OBJETO, ID_PRIMER_OBJETO, ID_SEGUNDO_OBJETO, ID_TERCER_OBJETO, ID_CUARTO_OBJETO, ID_QUINTO_OBJETO, ID_SEXTO_OBJETO) VALUES (1056, 3, 4, 6, 10, 12, 19);
INSERT INTO BLNC_MISC.BUILD_OBJETO (ID_BUILD_OBJETO, ID_PRIMER_OBJETO, ID_SEGUNDO_OBJETO, ID_TERCER_OBJETO, ID_CUARTO_OBJETO, ID_QUINTO_OBJETO, ID_SEXTO_OBJETO) VALUES (1057, 7, 8, 9, 15, 20, 21);
INSERT INTO BLNC_MISC.BUILD_OBJETO (ID_BUILD_OBJETO, ID_PRIMER_OBJETO, ID_SEGUNDO_OBJETO, ID_TERCER_OBJETO, ID_CUARTO_OBJETO, ID_QUINTO_OBJETO, ID_SEXTO_OBJETO) VALUES (1058, 2, 5, 8, 10, 13, 18);
INSERT INTO BLNC_MISC.BUILD_OBJETO (ID_BUILD_OBJETO, ID_PRIMER_OBJETO, ID_SEGUNDO_OBJETO, ID_TERCER_OBJETO, ID_CUARTO_OBJETO, ID_QUINTO_OBJETO, ID_SEXTO_OBJETO) VALUES (1059, 1, 6, 12, 14, 17, 23);
INSERT INTO BLNC_MISC.BUILD_OBJETO (ID_BUILD_OBJETO, ID_PRIMER_OBJETO, ID_SEGUNDO_OBJETO, ID_TERCER_OBJETO, ID_CUARTO_OBJETO, ID_QUINTO_OBJETO, ID_SEXTO_OBJETO) VALUES (1060, 3, 9, 10, 15, 19, 22);
INSERT INTO BLNC_MISC.BUILD_OBJETO (ID_BUILD_OBJETO, ID_PRIMER_OBJETO, ID_SEGUNDO_OBJETO, ID_TERCER_OBJETO, ID_CUARTO_OBJETO, ID_QUINTO_OBJETO, ID_SEXTO_OBJETO) VALUES (1061, 2, 5, 8, 12, 13, 25);
INSERT INTO BLNC_MISC.BUILD_OBJETO (ID_BUILD_OBJETO, ID_PRIMER_OBJETO, ID_SEGUNDO_OBJETO, ID_TERCER_OBJETO, ID_CUARTO_OBJETO, ID_QUINTO_OBJETO, ID_SEXTO_OBJETO) VALUES (1062, 1, 4, 7, 10, 16, 21);
INSERT INTO BLNC_MISC.BUILD_OBJETO (ID_BUILD_OBJETO, ID_PRIMER_OBJETO, ID_SEGUNDO_OBJETO, ID_TERCER_OBJETO, ID_CUARTO_OBJETO, ID_QUINTO_OBJETO, ID_SEXTO_OBJETO) VALUES (1063, 6, 8, 9, 15, 19, 24);
INSERT INTO BLNC_MISC.BUILD_OBJETO (ID_BUILD_OBJETO, ID_PRIMER_OBJETO, ID_SEGUNDO_OBJETO, ID_TERCER_OBJETO, ID_CUARTO_OBJETO, ID_QUINTO_OBJETO, ID_SEXTO_OBJETO) VALUES (1064, 5, 10, 11, 14, 18, 20);
INSERT INTO BLNC_MISC.BUILD_OBJETO (ID_BUILD_OBJETO, ID_PRIMER_OBJETO, ID_SEGUNDO_OBJETO, ID_TERCER_OBJETO, ID_CUARTO_OBJETO, ID_QUINTO_OBJETO, ID_SEXTO_OBJETO) VALUES (1065, 2, 3, 8, 12, 13, 19);
INSERT INTO BLNC_MISC.BUILD_OBJETO (ID_BUILD_OBJETO, ID_PRIMER_OBJETO, ID_SEGUNDO_OBJETO, ID_TERCER_OBJETO, ID_CUARTO_OBJETO, ID_QUINTO_OBJETO, ID_SEXTO_OBJETO) VALUES (1066, 1, 4, 9, 10, 16, 22);
INSERT INTO BLNC_MISC.BUILD_OBJETO (ID_BUILD_OBJETO, ID_PRIMER_OBJETO, ID_SEGUNDO_OBJETO, ID_TERCER_OBJETO, ID_CUARTO_OBJETO, ID_QUINTO_OBJETO, ID_SEXTO_OBJETO) VALUES (1067, 7, 8, 12, 14, 15, 25);
INSERT INTO BLNC_MISC.BUILD_OBJETO (ID_BUILD_OBJETO, ID_PRIMER_OBJETO, ID_SEGUNDO_OBJETO, ID_TERCER_OBJETO, ID_CUARTO_OBJETO, ID_QUINTO_OBJETO, ID_SEXTO_OBJETO) VALUES (1068, 3, 5, 11, 17, 19, 24);
INSERT INTO BLNC_MISC.BUILD_OBJETO (ID_BUILD_OBJETO, ID_PRIMER_OBJETO, ID_SEGUNDO_OBJETO, ID_TERCER_OBJETO, ID_CUARTO_OBJETO, ID_QUINTO_OBJETO, ID_SEXTO_OBJETO) VALUES (1069, 2, 4, 8, 10, 15, 18);
INSERT INTO BLNC_MISC.BUILD_OBJETO (ID_BUILD_OBJETO, ID_PRIMER_OBJETO, ID_SEGUNDO_OBJETO, ID_TERCER_OBJETO, ID_CUARTO_OBJETO, ID_QUINTO_OBJETO, ID_SEXTO_OBJETO) VALUES (1070, 1, 6, 7, 12, 13, 25);
INSERT INTO BLNC_MISC.BUILD_OBJETO (ID_BUILD_OBJETO, ID_PRIMER_OBJETO, ID_SEGUNDO_OBJETO, ID_TERCER_OBJETO, ID_CUARTO_OBJETO, ID_QUINTO_OBJETO, ID_SEXTO_OBJETO) VALUES (1071, 3, 9, 10, 14, 19, 20);
INSERT INTO BLNC_MISC.BUILD_OBJETO (ID_BUILD_OBJETO, ID_PRIMER_OBJETO, ID_SEGUNDO_OBJETO, ID_TERCER_OBJETO, ID_CUARTO_OBJETO, ID_QUINTO_OBJETO, ID_SEXTO_OBJETO) VALUES (1072, 4, 5, 8, 11, 15, 22);
INSERT INTO BLNC_MISC.BUILD_OBJETO (ID_BUILD_OBJETO, ID_PRIMER_OBJETO, ID_SEGUNDO_OBJETO, ID_TERCER_OBJETO, ID_CUARTO_OBJETO, ID_QUINTO_OBJETO, ID_SEXTO_OBJETO) VALUES (1073, 2, 6, 12, 14, 16, 25);
INSERT INTO BLNC_MISC.BUILD_OBJETO (ID_BUILD_OBJETO, ID_PRIMER_OBJETO, ID_SEGUNDO_OBJETO, ID_TERCER_OBJETO, ID_CUARTO_OBJETO, ID_QUINTO_OBJETO, ID_SEXTO_OBJETO) VALUES (1074, 3, 4, 7, 10, 18, 22);
INSERT INTO BLNC_MISC.BUILD_OBJETO (ID_BUILD_OBJETO, ID_PRIMER_OBJETO, ID_SEGUNDO_OBJETO, ID_TERCER_OBJETO, ID_CUARTO_OBJETO, ID_QUINTO_OBJETO, ID_SEXTO_OBJETO) VALUES (1075, 1, 5, 9, 11, 15, 20);
INSERT INTO BLNC_MISC.BUILD_OBJETO (ID_BUILD_OBJETO, ID_PRIMER_OBJETO, ID_SEGUNDO_OBJETO, ID_TERCER_OBJETO, ID_CUARTO_OBJETO, ID_QUINTO_OBJETO, ID_SEXTO_OBJETO) VALUES (1076, 4, 6, 10, 12, 13, 18);
INSERT INTO BLNC_MISC.BUILD_OBJETO (ID_BUILD_OBJETO, ID_PRIMER_OBJETO, ID_SEGUNDO_OBJETO, ID_TERCER_OBJETO, ID_CUARTO_OBJETO, ID_QUINTO_OBJETO, ID_SEXTO_OBJETO) VALUES (1077, 2, 5, 8, 14, 17, 21);
INSERT INTO BLNC_MISC.BUILD_OBJETO (ID_BUILD_OBJETO, ID_PRIMER_OBJETO, ID_SEGUNDO_OBJETO, ID_TERCER_OBJETO, ID_CUARTO_OBJETO, ID_QUINTO_OBJETO, ID_SEXTO_OBJETO) VALUES (1078, 3, 9, 11, 15, 18, 25);
INSERT INTO BLNC_MISC.BUILD_OBJETO (ID_BUILD_OBJETO, ID_PRIMER_OBJETO, ID_SEGUNDO_OBJETO, ID_TERCER_OBJETO, ID_CUARTO_OBJETO, ID_QUINTO_OBJETO, ID_SEXTO_OBJETO) VALUES (1079, 1, 4, 8, 12, 16, 22);
INSERT INTO BLNC_MISC.BUILD_OBJETO (ID_BUILD_OBJETO, ID_PRIMER_OBJETO, ID_SEGUNDO_OBJETO, ID_TERCER_OBJETO, ID_CUARTO_OBJETO, ID_QUINTO_OBJETO, ID_SEXTO_OBJETO) VALUES (1080, 2, 5, 9, 11, 18, 24);
INSERT INTO BLNC_MISC.BUILD_OBJETO (ID_BUILD_OBJETO, ID_PRIMER_OBJETO, ID_SEGUNDO_OBJETO, ID_TERCER_OBJETO, ID_CUARTO_OBJETO, ID_QUINTO_OBJETO, ID_SEXTO_OBJETO) VALUES (1081, 4, 7, 10, 14, 17, 25);
INSERT INTO BLNC_MISC.BUILD_OBJETO (ID_BUILD_OBJETO, ID_PRIMER_OBJETO, ID_SEGUNDO_OBJETO, ID_TERCER_OBJETO, ID_CUARTO_OBJETO, ID_QUINTO_OBJETO, ID_SEXTO_OBJETO) VALUES (1082, 5, 8, 11, 12, 15, 19);
INSERT INTO BLNC_MISC.BUILD_OBJETO (ID_BUILD_OBJETO, ID_PRIMER_OBJETO, ID_SEGUNDO_OBJETO, ID_TERCER_OBJETO, ID_CUARTO_OBJETO, ID_QUINTO_OBJETO, ID_SEXTO_OBJETO) VALUES (1083, 3, 4, 6, 10, 14, 22);
INSERT INTO BLNC_MISC.BUILD_OBJETO (ID_BUILD_OBJETO, ID_PRIMER_OBJETO, ID_SEGUNDO_OBJETO, ID_TERCER_OBJETO, ID_CUARTO_OBJETO, ID_QUINTO_OBJETO, ID_SEXTO_OBJETO) VALUES (1084, 2, 6, 10, 11, 18, 25);
INSERT INTO BLNC_MISC.BUILD_OBJETO (ID_BUILD_OBJETO, ID_PRIMER_OBJETO, ID_SEGUNDO_OBJETO, ID_TERCER_OBJETO, ID_CUARTO_OBJETO, ID_QUINTO_OBJETO, ID_SEXTO_OBJETO) VALUES (1085, 1, 3, 9, 12, 15, 20);
INSERT INTO BLNC_MISC.BUILD_OBJETO (ID_BUILD_OBJETO, ID_PRIMER_OBJETO, ID_SEGUNDO_OBJETO, ID_TERCER_OBJETO, ID_CUARTO_OBJETO, ID_QUINTO_OBJETO, ID_SEXTO_OBJETO) VALUES (1086, 2, 4, 8, 14, 16, 21);
INSERT INTO BLNC_MISC.BUILD_OBJETO (ID_BUILD_OBJETO, ID_PRIMER_OBJETO, ID_SEGUNDO_OBJETO, ID_TERCER_OBJETO, ID_CUARTO_OBJETO, ID_QUINTO_OBJETO, ID_SEXTO_OBJETO) VALUES (1087, 5, 7, 10, 12, 18, 24);
INSERT INTO BLNC_MISC.BUILD_OBJETO (ID_BUILD_OBJETO, ID_PRIMER_OBJETO, ID_SEGUNDO_OBJETO, ID_TERCER_OBJETO, ID_CUARTO_OBJETO, ID_QUINTO_OBJETO, ID_SEXTO_OBJETO) VALUES (1088, 3, 9, 11, 15, 19, 25);
INSERT INTO BLNC_MISC.BUILD_OBJETO (ID_BUILD_OBJETO, ID_PRIMER_OBJETO, ID_SEGUNDO_OBJETO, ID_TERCER_OBJETO, ID_CUARTO_OBJETO, ID_QUINTO_OBJETO, ID_SEXTO_OBJETO) VALUES (1089, 1, 6, 12, 14, 18, 22);
INSERT INTO BLNC_MISC.BUILD_OBJETO (ID_BUILD_OBJETO, ID_PRIMER_OBJETO, ID_SEGUNDO_OBJETO, ID_TERCER_OBJETO, ID_CUARTO_OBJETO, ID_QUINTO_OBJETO, ID_SEXTO_OBJETO) VALUES (1090, 4, 5, 8, 11, 15, 20);
INSERT INTO BLNC_MISC.BUILD_OBJETO (ID_BUILD_OBJETO, ID_PRIMER_OBJETO, ID_SEGUNDO_OBJETO, ID_TERCER_OBJETO, ID_CUARTO_OBJETO, ID_QUINTO_OBJETO, ID_SEXTO_OBJETO) VALUES (1091, 2, 3, 6, 10, 14, 22);
INSERT INTO BLNC_MISC.BUILD_OBJETO (ID_BUILD_OBJETO, ID_PRIMER_OBJETO, ID_SEGUNDO_OBJETO, ID_TERCER_OBJETO, ID_CUARTO_OBJETO, ID_QUINTO_OBJETO, ID_SEXTO_OBJETO) VALUES (1092, 1, 8, 12, 15, 19, 25);
INSERT INTO BLNC_MISC.BUILD_OBJETO (ID_BUILD_OBJETO, ID_PRIMER_OBJETO, ID_SEGUNDO_OBJETO, ID_TERCER_OBJETO, ID_CUARTO_OBJETO, ID_QUINTO_OBJETO, ID_SEXTO_OBJETO) VALUES (1093, 3, 4, 9, 10, 17, 21);
INSERT INTO BLNC_MISC.BUILD_OBJETO (ID_BUILD_OBJETO, ID_PRIMER_OBJETO, ID_SEGUNDO_OBJETO, ID_TERCER_OBJETO, ID_CUARTO_OBJETO, ID_QUINTO_OBJETO, ID_SEXTO_OBJETO) VALUES (1094, 2, 5, 11, 13, 15, 24);
INSERT INTO BLNC_MISC.BUILD_OBJETO (ID_BUILD_OBJETO, ID_PRIMER_OBJETO, ID_SEGUNDO_OBJETO, ID_TERCER_OBJETO, ID_CUARTO_OBJETO, ID_QUINTO_OBJETO, ID_SEXTO_OBJETO) VALUES (1095, 6, 7, 8, 12, 14, 25);
INSERT INTO BLNC_MISC.BUILD_OBJETO (ID_BUILD_OBJETO, ID_PRIMER_OBJETO, ID_SEGUNDO_OBJETO, ID_TERCER_OBJETO, ID_CUARTO_OBJETO, ID_QUINTO_OBJETO, ID_SEXTO_OBJETO) VALUES (1096, 1, 4, 8, 10, 15, 20);
INSERT INTO BLNC_MISC.BUILD_OBJETO (ID_BUILD_OBJETO, ID_PRIMER_OBJETO, ID_SEGUNDO_OBJETO, ID_TERCER_OBJETO, ID_CUARTO_OBJETO, ID_QUINTO_OBJETO, ID_SEXTO_OBJETO) VALUES (1097, 3, 6, 12, 13, 17, 21);
INSERT INTO BLNC_MISC.BUILD_OBJETO (ID_BUILD_OBJETO, ID_PRIMER_OBJETO, ID_SEGUNDO_OBJETO, ID_TERCER_OBJETO, ID_CUARTO_OBJETO, ID_QUINTO_OBJETO, ID_SEXTO_OBJETO) VALUES (1098, 2, 5, 9, 10, 14, 20);
INSERT INTO BLNC_MISC.BUILD_OBJETO (ID_BUILD_OBJETO, ID_PRIMER_OBJETO, ID_SEGUNDO_OBJETO, ID_TERCER_OBJETO, ID_CUARTO_OBJETO, ID_QUINTO_OBJETO, ID_SEXTO_OBJETO) VALUES (1099, 4, 7, 8, 12, 18, 22);
INSERT INTO BLNC_MISC.BUILD_OBJETO (ID_BUILD_OBJETO, ID_PRIMER_OBJETO, ID_SEGUNDO_OBJETO, ID_TERCER_OBJETO, ID_CUARTO_OBJETO, ID_QUINTO_OBJETO, ID_SEXTO_OBJETO) VALUES (1100, 1, 2, 10, 12, 15, 19);
INSERT INTO BLNC_MISC.BUILD_OBJETO (ID_BUILD_OBJETO, ID_PRIMER_OBJETO, ID_SEGUNDO_OBJETO, ID_TERCER_OBJETO, ID_CUARTO_OBJETO, ID_QUINTO_OBJETO, ID_SEXTO_OBJETO) VALUES (1101, 2, 5, 6, 14, 17, 22);
INSERT INTO BLNC_MISC.BUILD_OBJETO (ID_BUILD_OBJETO, ID_PRIMER_OBJETO, ID_SEGUNDO_OBJETO, ID_TERCER_OBJETO, ID_CUARTO_OBJETO, ID_QUINTO_OBJETO, ID_SEXTO_OBJETO) VALUES (1102, 3, 5, 9, 12, 15, 24);
INSERT INTO BLNC_MISC.BUILD_OBJETO (ID_BUILD_OBJETO, ID_PRIMER_OBJETO, ID_SEGUNDO_OBJETO, ID_TERCER_OBJETO, ID_CUARTO_OBJETO, ID_QUINTO_OBJETO, ID_SEXTO_OBJETO) VALUES (1103, 1, 7, 8, 10, 18, 22);
INSERT INTO BLNC_MISC.BUILD_OBJETO (ID_BUILD_OBJETO, ID_PRIMER_OBJETO, ID_SEGUNDO_OBJETO, ID_TERCER_OBJETO, ID_CUARTO_OBJETO, ID_QUINTO_OBJETO, ID_SEXTO_OBJETO) VALUES (1104, 2, 5, 11, 14, 15, 20);
INSERT INTO BLNC_MISC.BUILD_OBJETO (ID_BUILD_OBJETO, ID_PRIMER_OBJETO, ID_SEGUNDO_OBJETO, ID_TERCER_OBJETO, ID_CUARTO_OBJETO, ID_QUINTO_OBJETO, ID_SEXTO_OBJETO) VALUES (1105, 4, 8, 9, 13, 16, 19);
INSERT INTO BLNC_MISC.BUILD_OBJETO (ID_BUILD_OBJETO, ID_PRIMER_OBJETO, ID_SEGUNDO_OBJETO, ID_TERCER_OBJETO, ID_CUARTO_OBJETO, ID_QUINTO_OBJETO, ID_SEXTO_OBJETO) VALUES (1106, 1, 2, 5, 10, 12, 22);
INSERT INTO BLNC_MISC.BUILD_OBJETO (ID_BUILD_OBJETO, ID_PRIMER_OBJETO, ID_SEGUNDO_OBJETO, ID_TERCER_OBJETO, ID_CUARTO_OBJETO, ID_QUINTO_OBJETO, ID_SEXTO_OBJETO) VALUES (1107, 3, 5, 6, 9, 14, 20);
INSERT INTO BLNC_MISC.BUILD_OBJETO (ID_BUILD_OBJETO, ID_PRIMER_OBJETO, ID_SEGUNDO_OBJETO, ID_TERCER_OBJETO, ID_CUARTO_OBJETO, ID_QUINTO_OBJETO, ID_SEXTO_OBJETO) VALUES (1108, 2, 3, 7, 10, 15, 22);
INSERT INTO BLNC_MISC.BUILD_OBJETO (ID_BUILD_OBJETO, ID_PRIMER_OBJETO, ID_SEGUNDO_OBJETO, ID_TERCER_OBJETO, ID_CUARTO_OBJETO, ID_QUINTO_OBJETO, ID_SEXTO_OBJETO) VALUES (1109, 4, 6, 8, 11, 12, 25);
INSERT INTO BLNC_MISC.BUILD_OBJETO (ID_BUILD_OBJETO, ID_PRIMER_OBJETO, ID_SEGUNDO_OBJETO, ID_TERCER_OBJETO, ID_CUARTO_OBJETO, ID_QUINTO_OBJETO, ID_SEXTO_OBJETO) VALUES (1110, 1, 5, 7, 12, 15, 20);
INSERT INTO BLNC_MISC.BUILD_OBJETO (ID_BUILD_OBJETO, ID_PRIMER_OBJETO, ID_SEGUNDO_OBJETO, ID_TERCER_OBJETO, ID_CUARTO_OBJETO, ID_QUINTO_OBJETO, ID_SEXTO_OBJETO) VALUES (1111, 2, 3, 10, 14, 16, 25);
INSERT INTO BLNC_MISC.BUILD_OBJETO (ID_BUILD_OBJETO, ID_PRIMER_OBJETO, ID_SEGUNDO_OBJETO, ID_TERCER_OBJETO, ID_CUARTO_OBJETO, ID_QUINTO_OBJETO, ID_SEXTO_OBJETO) VALUES (1112, 5, 8, 9, 13, 15, 22);
INSERT INTO BLNC_MISC.BUILD_OBJETO (ID_BUILD_OBJETO, ID_PRIMER_OBJETO, ID_SEGUNDO_OBJETO, ID_TERCER_OBJETO, ID_CUARTO_OBJETO, ID_QUINTO_OBJETO, ID_SEXTO_OBJETO) VALUES (1113, 1, 3, 4, 11, 18, 19);
INSERT INTO BLNC_MISC.BUILD_OBJETO (ID_BUILD_OBJETO, ID_PRIMER_OBJETO, ID_SEGUNDO_OBJETO, ID_TERCER_OBJETO, ID_CUARTO_OBJETO, ID_QUINTO_OBJETO, ID_SEXTO_OBJETO) VALUES (1114, 2, 4, 5, 8, 12, 20);
INSERT INTO BLNC_MISC.BUILD_OBJETO (ID_BUILD_OBJETO, ID_PRIMER_OBJETO, ID_SEGUNDO_OBJETO, ID_TERCER_OBJETO, ID_CUARTO_OBJETO, ID_QUINTO_OBJETO, ID_SEXTO_OBJETO) VALUES (1115, 3, 6, 10, 12, 14, 17);
INSERT INTO BLNC_MISC.BUILD_OBJETO (ID_BUILD_OBJETO, ID_PRIMER_OBJETO, ID_SEGUNDO_OBJETO, ID_TERCER_OBJETO, ID_CUARTO_OBJETO, ID_QUINTO_OBJETO, ID_SEXTO_OBJETO) VALUES (1116, 1, 5, 9, 15, 18, 20);
INSERT INTO BLNC_MISC.BUILD_OBJETO (ID_BUILD_OBJETO, ID_PRIMER_OBJETO, ID_SEGUNDO_OBJETO, ID_TERCER_OBJETO, ID_CUARTO_OBJETO, ID_QUINTO_OBJETO, ID_SEXTO_OBJETO) VALUES (1117, 2, 4, 6, 10, 17, 25);
INSERT INTO BLNC_MISC.BUILD_OBJETO (ID_BUILD_OBJETO, ID_PRIMER_OBJETO, ID_SEGUNDO_OBJETO, ID_TERCER_OBJETO, ID_CUARTO_OBJETO, ID_QUINTO_OBJETO, ID_SEXTO_OBJETO) VALUES (1118, 3, 5, 11, 12, 14, 22);
INSERT INTO BLNC_MISC.BUILD_OBJETO (ID_BUILD_OBJETO, ID_PRIMER_OBJETO, ID_SEGUNDO_OBJETO, ID_TERCER_OBJETO, ID_CUARTO_OBJETO, ID_QUINTO_OBJETO, ID_SEXTO_OBJETO) VALUES (1119, 1, 8, 10, 12, 16, 21);
INSERT INTO BLNC_MISC.BUILD_OBJETO (ID_BUILD_OBJETO, ID_PRIMER_OBJETO, ID_SEGUNDO_OBJETO, ID_TERCER_OBJETO, ID_CUARTO_OBJETO, ID_QUINTO_OBJETO, ID_SEXTO_OBJETO) VALUES (1120, 4, 6, 8, 12, 14, 18);
INSERT INTO BLNC_MISC.BUILD_OBJETO (ID_BUILD_OBJETO, ID_PRIMER_OBJETO, ID_SEGUNDO_OBJETO, ID_TERCER_OBJETO, ID_CUARTO_OBJETO, ID_QUINTO_OBJETO, ID_SEXTO_OBJETO) VALUES (1121, 1, 3, 9, 10, 11, 20);
INSERT INTO BLNC_MISC.BUILD_OBJETO (ID_BUILD_OBJETO, ID_PRIMER_OBJETO, ID_SEGUNDO_OBJETO, ID_TERCER_OBJETO, ID_CUARTO_OBJETO, ID_QUINTO_OBJETO, ID_SEXTO_OBJETO) VALUES (1122, 2, 5, 7, 10, 15, 24);
INSERT INTO BLNC_MISC.BUILD_OBJETO (ID_BUILD_OBJETO, ID_PRIMER_OBJETO, ID_SEGUNDO_OBJETO, ID_TERCER_OBJETO, ID_CUARTO_OBJETO, ID_QUINTO_OBJETO, ID_SEXTO_OBJETO) VALUES (1123, 3, 4, 6, 12, 14, 20);
INSERT INTO BLNC_MISC.BUILD_OBJETO (ID_BUILD_OBJETO, ID_PRIMER_OBJETO, ID_SEGUNDO_OBJETO, ID_TERCER_OBJETO, ID_CUARTO_OBJETO, ID_QUINTO_OBJETO, ID_SEXTO_OBJETO) VALUES (1124, 1, 7, 8, 12, 18, 22);
INSERT INTO BLNC_MISC.BUILD_OBJETO (ID_BUILD_OBJETO, ID_PRIMER_OBJETO, ID_SEGUNDO_OBJETO, ID_TERCER_OBJETO, ID_CUARTO_OBJETO, ID_QUINTO_OBJETO, ID_SEXTO_OBJETO) VALUES (1125, 2, 4, 10, 14, 17, 20);
INSERT INTO BLNC_MISC.BUILD_OBJETO (ID_BUILD_OBJETO, ID_PRIMER_OBJETO, ID_SEGUNDO_OBJETO, ID_TERCER_OBJETO, ID_CUARTO_OBJETO, ID_QUINTO_OBJETO, ID_SEXTO_OBJETO) VALUES (1126, 5, 6, 9, 11, 15, 25);
INSERT INTO BLNC_MISC.BUILD_OBJETO (ID_BUILD_OBJETO, ID_PRIMER_OBJETO, ID_SEGUNDO_OBJETO, ID_TERCER_OBJETO, ID_CUARTO_OBJETO, ID_QUINTO_OBJETO, ID_SEXTO_OBJETO) VALUES (1127, 1, 2, 4, 12, 18, 22);
INSERT INTO BLNC_MISC.BUILD_OBJETO (ID_BUILD_OBJETO, ID_PRIMER_OBJETO, ID_SEGUNDO_OBJETO, ID_TERCER_OBJETO, ID_CUARTO_OBJETO, ID_QUINTO_OBJETO, ID_SEXTO_OBJETO) VALUES (1128, 3, 5, 8, 11, 14, 19);
INSERT INTO BLNC_MISC.BUILD_OBJETO (ID_BUILD_OBJETO, ID_PRIMER_OBJETO, ID_SEGUNDO_OBJETO, ID_TERCER_OBJETO, ID_CUARTO_OBJETO, ID_QUINTO_OBJETO, ID_SEXTO_OBJETO) VALUES (1129, 2, 4, 9, 12, 15, 20);
INSERT INTO BLNC_MISC.BUILD_OBJETO (ID_BUILD_OBJETO, ID_PRIMER_OBJETO, ID_SEGUNDO_OBJETO, ID_TERCER_OBJETO, ID_CUARTO_OBJETO, ID_QUINTO_OBJETO, ID_SEXTO_OBJETO) VALUES (1130, 1, 3, 6, 8, 12, 21);
INSERT INTO BLNC_MISC.BUILD_OBJETO (ID_BUILD_OBJETO, ID_PRIMER_OBJETO, ID_SEGUNDO_OBJETO, ID_TERCER_OBJETO, ID_CUARTO_OBJETO, ID_QUINTO_OBJETO, ID_SEXTO_OBJETO) VALUES (1131, 4, 5, 7, 11, 15, 18);
INSERT INTO BLNC_MISC.BUILD_OBJETO (ID_BUILD_OBJETO, ID_PRIMER_OBJETO, ID_SEGUNDO_OBJETO, ID_TERCER_OBJETO, ID_CUARTO_OBJETO, ID_QUINTO_OBJETO, ID_SEXTO_OBJETO) VALUES (1132, 2, 6, 8, 12, 14, 20);
INSERT INTO BLNC_MISC.BUILD_OBJETO (ID_BUILD_OBJETO, ID_PRIMER_OBJETO, ID_SEGUNDO_OBJETO, ID_TERCER_OBJETO, ID_CUARTO_OBJETO, ID_QUINTO_OBJETO, ID_SEXTO_OBJETO) VALUES (1133, 1, 3, 4, 10, 17, 21);
INSERT INTO BLNC_MISC.BUILD_OBJETO (ID_BUILD_OBJETO, ID_PRIMER_OBJETO, ID_SEGUNDO_OBJETO, ID_TERCER_OBJETO, ID_CUARTO_OBJETO, ID_QUINTO_OBJETO, ID_SEXTO_OBJETO) VALUES (1134, 2, 5, 9, 11, 13, 18);
INSERT INTO BLNC_MISC.BUILD_OBJETO (ID_BUILD_OBJETO, ID_PRIMER_OBJETO, ID_SEGUNDO_OBJETO, ID_TERCER_OBJETO, ID_CUARTO_OBJETO, ID_QUINTO_OBJETO, ID_SEXTO_OBJETO) VALUES (1135, 3, 6, 8, 10, 14, 19);
INSERT INTO BLNC_MISC.BUILD_OBJETO (ID_BUILD_OBJETO, ID_PRIMER_OBJETO, ID_SEGUNDO_OBJETO, ID_TERCER_OBJETO, ID_CUARTO_OBJETO, ID_QUINTO_OBJETO, ID_SEXTO_OBJETO) VALUES (1136, 1, 4, 8, 12, 17, 25);
INSERT INTO BLNC_MISC.BUILD_OBJETO (ID_BUILD_OBJETO, ID_PRIMER_OBJETO, ID_SEGUNDO_OBJETO, ID_TERCER_OBJETO, ID_CUARTO_OBJETO, ID_QUINTO_OBJETO, ID_SEXTO_OBJETO) VALUES (1137, 5, 7, 9, 14, 18, 22);
INSERT INTO BLNC_MISC.BUILD_OBJETO (ID_BUILD_OBJETO, ID_PRIMER_OBJETO, ID_SEGUNDO_OBJETO, ID_TERCER_OBJETO, ID_CUARTO_OBJETO, ID_QUINTO_OBJETO, ID_SEXTO_OBJETO) VALUES (1138, 2, 4, 8, 10, 15, 20);
INSERT INTO BLNC_MISC.BUILD_OBJETO (ID_BUILD_OBJETO, ID_PRIMER_OBJETO, ID_SEGUNDO_OBJETO, ID_TERCER_OBJETO, ID_CUARTO_OBJETO, ID_QUINTO_OBJETO, ID_SEXTO_OBJETO) VALUES (1139, 3, 6, 11, 12, 14, 22);
INSERT INTO BLNC_MISC.BUILD_OBJETO (ID_BUILD_OBJETO, ID_PRIMER_OBJETO, ID_SEGUNDO_OBJETO, ID_TERCER_OBJETO, ID_CUARTO_OBJETO, ID_QUINTO_OBJETO, ID_SEXTO_OBJETO) VALUES (1140, 1, 5, 9, 10, 11, 20);
INSERT INTO BLNC_MISC.BUILD_OBJETO (ID_BUILD_OBJETO, ID_PRIMER_OBJETO, ID_SEGUNDO_OBJETO, ID_TERCER_OBJETO, ID_CUARTO_OBJETO, ID_QUINTO_OBJETO, ID_SEXTO_OBJETO) VALUES (1141, 2, 4, 6, 10, 15, 21);
INSERT INTO BLNC_MISC.BUILD_OBJETO (ID_BUILD_OBJETO, ID_PRIMER_OBJETO, ID_SEGUNDO_OBJETO, ID_TERCER_OBJETO, ID_CUARTO_OBJETO, ID_QUINTO_OBJETO, ID_SEXTO_OBJETO) VALUES (1142, 3, 5, 9, 12, 14, 20);
INSERT INTO BLNC_MISC.BUILD_OBJETO (ID_BUILD_OBJETO, ID_PRIMER_OBJETO, ID_SEGUNDO_OBJETO, ID_TERCER_OBJETO, ID_CUARTO_OBJETO, ID_QUINTO_OBJETO, ID_SEXTO_OBJETO) VALUES (1143, 1, 4, 8, 11, 15, 19);
INSERT INTO BLNC_MISC.BUILD_OBJETO (ID_BUILD_OBJETO, ID_PRIMER_OBJETO, ID_SEGUNDO_OBJETO, ID_TERCER_OBJETO, ID_CUARTO_OBJETO, ID_QUINTO_OBJETO, ID_SEXTO_OBJETO) VALUES (1144, 2, 6, 10, 12, 14, 25);
INSERT INTO BLNC_MISC.BUILD_OBJETO (ID_BUILD_OBJETO, ID_PRIMER_OBJETO, ID_SEGUNDO_OBJETO, ID_TERCER_OBJETO, ID_CUARTO_OBJETO, ID_QUINTO_OBJETO, ID_SEXTO_OBJETO) VALUES (1145, 3, 5, 8, 11, 12, 20);
INSERT INTO BLNC_MISC.BUILD_OBJETO (ID_BUILD_OBJETO, ID_PRIMER_OBJETO, ID_SEGUNDO_OBJETO, ID_TERCER_OBJETO, ID_CUARTO_OBJETO, ID_QUINTO_OBJETO, ID_SEXTO_OBJETO) VALUES (1146, 1, 3, 6, 10, 15, 19);
INSERT INTO BLNC_MISC.BUILD_OBJETO (ID_BUILD_OBJETO, ID_PRIMER_OBJETO, ID_SEGUNDO_OBJETO, ID_TERCER_OBJETO, ID_CUARTO_OBJETO, ID_QUINTO_OBJETO, ID_SEXTO_OBJETO) VALUES (1147, 2, 5, 8, 11, 17, 22);
INSERT INTO BLNC_MISC.BUILD_OBJETO (ID_BUILD_OBJETO, ID_PRIMER_OBJETO, ID_SEGUNDO_OBJETO, ID_TERCER_OBJETO, ID_CUARTO_OBJETO, ID_QUINTO_OBJETO, ID_SEXTO_OBJETO) VALUES (1148, 3, 4, 6, 10, 14, 20);
INSERT INTO BLNC_MISC.BUILD_OBJETO (ID_BUILD_OBJETO, ID_PRIMER_OBJETO, ID_SEGUNDO_OBJETO, ID_TERCER_OBJETO, ID_CUARTO_OBJETO, ID_QUINTO_OBJETO, ID_SEXTO_OBJETO) VALUES (1149, 1, 5, 7, 9, 10, 20);
INSERT INTO BLNC_MISC.BUILD_OBJETO (ID_BUILD_OBJETO, ID_PRIMER_OBJETO, ID_SEGUNDO_OBJETO, ID_TERCER_OBJETO, ID_CUARTO_OBJETO, ID_QUINTO_OBJETO, ID_SEXTO_OBJETO) VALUES (1150, 2, 3, 4, 11, 15, 24);
GO

--VISTAS:
CREATE VIEW VW_WINRATE_CAMPEONES AS
SELECT 
    C.NOMBRE_CAMPEON,
	COUNT(*) AS PARTIDAS_JUGADAS,
	ROUND(CAST(SUM(CASE WHEN R.RESULTADO = 1 THEN 1 ELSE 0 END) AS FLOAT) / COUNT(*) * 100, 2) AS WINRATE
FROM 
    BLNC_CAMPEON.CAMPEON C
JOIN 
    BLNC_CAMPEON.RESUMEN R ON C.ID_CAMPEON = R.ID_CAMPEON
GROUP BY 
    C.NOMBRE_CAMPEON
GO

CREATE VIEW VW_WINRATE_BUILD_OBJETO AS
SELECT 
    O.NOMBRE_OBJETO, 
    O.PRECIO, 
    COUNT(*) AS PARTIDAS_JUGADAS,
    ROUND(CAST(SUM(CASE WHEN B.RESULTADO = 1 THEN 1 ELSE 0 END) AS FLOAT) / COUNT(*) * 100, 2) AS WINRATE
FROM 
    BLNC_MISC.BUILD B
JOIN 
    BLNC_MISC.BUILD_OBJETO BO ON BO.ID_BUILD_OBJETO = B.ID_BUILD_OBJETO
JOIN 
    BLNC_MISC.OBJETO O ON O.ID_OBJETO IN (BO.ID_PRIMER_OBJETO, BO.ID_SEGUNDO_OBJETO, BO.ID_TERCER_OBJETO, 
                                           BO.ID_CUARTO_OBJETO, BO.ID_QUINTO_OBJETO, BO.ID_SEXTO_OBJETO)
GROUP BY 
    O.NOMBRE_OBJETO, O.PRECIO;
GO

CREATE VIEW VW_WINRATE_BUILD_RUNA AS
SELECT 
    R.NOMBRE_RUNA, 
    R.NIVEL, 
    R.RAMA,
    COUNT(*) AS PARTIDAS_JUGADAS,
   ROUND(CAST(SUM(CASE WHEN B.RESULTADO = 1 THEN 1 ELSE 0 END) AS FLOAT) / COUNT(*) * 100, 2) AS WINRATE
FROM 
    BLNC_MISC.BUILD B
JOIN 
    BLNC_MISC.BUILD_RUNA BR ON BR.ID_BUILD_RUNA = B.ID_BUILD_RUNA
JOIN
	BLNC_MISC.RUNA R ON R.ID_RUNA IN (BR.ID_RUNA_CLAVE, BR.ID_RUNA_SUP, BR.ID_RUNA_INT, 
                                           BR.ID_RUNA_INF, BR.ID_RUNA_SEC, BR.ID_RUNA_SEC_ALT)
GROUP BY 
    R.NOMBRE_RUNA, R.NIVEL, R.RAMA;
GO

--STORE PROCEDURES:
CREATE PROCEDURE SP_VERIFICAR_RESULTADOS
AS
BEGIN
    CREATE TABLE #ResultadosErroneos (
        ID_RESUMEN INT,
        ID_CAMPEON INT,
        ID_BUILD INT,
        RESULTADO_RESUMEN BIT,
        RESULTADO_BUILD BIT
    );
    INSERT INTO #ResultadosErroneos (ID_RESUMEN, ID_CAMPEON, ID_BUILD, RESULTADO_RESUMEN, RESULTADO_BUILD)
    SELECT 
        R.ID_RESUMEN,
        R.ID_CAMPEON,
        R.ID_BUILD,
        R.RESULTADO AS RESULTADO_RESUMEN,
        B.RESULTADO AS RESULTADO_BUILD
    FROM 
        BLNC_CAMPEON.RESUMEN R
    INNER JOIN 
        BLNC_MISC.BUILD B ON R.ID_BUILD = B.ID_BUILD AND R.ID_CAMPEON = B.ID_CAMPEON
    WHERE 
        R.RESULTADO <> B.RESULTADO;

    SELECT * FROM #ResultadosErroneos;

    DROP TABLE #ResultadosErroneos;

END;
GO

CREATE PROCEDURE SP_ACTUALIZAR_RESULTADO_RESUMEN
    @ID_RESUMEN INT,
    @RESULTADO BIT
AS
BEGIN
    UPDATE BLNC_CAMPEON.RESUMEN
    SET 
        RESULTADO = @RESULTADO
    WHERE 
        ID_RESUMEN = @ID_RESUMEN;
END
GO